player_id,jersey_number
00-0000045,71
00-0000108,2
00-0000121,64
00-0000551,51
00-0000585,24
00-0000741,20
00-0000846,50
00-0000865,16
00-0001157,17
00-0001176,92
00-0001231,6
00-0001255,0
00-0001263,77
00-0001388,31
00-0001477,80
00-0001545,4
00-0001563,96
00-0001820,57
00-0001980,2
00-0002099,88
00-0002110,8
00-0002655,3
00-0003035,88
00-0003292,5
00-0003315,10
00-0003739,11
00-0003874,93
00-0004073,20
00-0004091,4
00-0004112,58
00-0004161,17
00-0004472,99
00-0004505,52
00-0004541,80
00-0004811,1
00-0004851,99
00-0004915,84
00-0005058,66
00-0005082,51
00-0005091,33
00-0005106,4
00-0005113,18
00-0005150,95
00-0005155,25
00-0005231,86
00-0005322,59
00-0005720,84
00-0005755,7
00-0006072,79
00-0006101,88
00-0006305,34
00-0006398,77
00-0006799,6
00-0006800,4
00-0006915,31
00-0007091,8
00-0007213,82
00-0007308,15
00-0007611,91
00-0007681,81
00-0008075,53
00-0008124,90
00-0008241,32
00-0008271,68
00-0008484,8
00-0009028,2
00-0009056,90
00-0009119,89
00-0009173,97
00-0009305,90
00-0009311,3
00-0009323,40
00-0009472,50
00-0009530,57
00-0009687,26
00-0009889,52
00-0009978,91
00-0010072,0
00-0010341,65
00-0010346,18
00-0010373,10
00-0010500,82
00-0010577,68
00-0010609,7
00-0010634,29
00-0010711,62
00-0010944,34
00-0011022,5
00-0011326,36
00-0011626,8
00-0011641,87
00-0011754,84
00-0011795,87
00-0011970,6
00-0012023,67
00-0012333,56
00-0012478,81
00-0012485,76
00-0012871,53
00-0013126,55
00-0013255,31
00-0013282,93
00-0013694,49
00-0013845,97
00-0014071,30
00-0014375,63
00-0014619,55
00-0014655,45
00-0014724,42
00-0015080,91
00-0015194,17
00-0015474,51
00-0015495,29
00-0015601,30
00-0015754,80
00-0015784,3
00-0016098,21
00-0016112,99
00-0016271,75
00-0016334,72
00-0016577,23
00-0016624,54
00-0016689,1
00-0016919,4
00-0016960,50
00-0017162,86
00-0017200,13
00-0017638,62
00-0017813,76
00-0017899,94
00-0017915,34
00-0018093,26
00-0018227,24
00-0018234,67
00-0018351,97
00-0018486,82
00-0018503,92
00-0018584,64
00-0018605,35
00-0018613,74
00-0018925,65
00-0018926,46
00-0018956,63
00-0018957,99
00-0018958,87
00-0019041,7
00-0019100,45
00-0019104,51
00-0019127,87
00-0019135,35
00-0019188,48
00-0019213,66
00-0019246,99
00-0019276,60
00-0019281,85
00-0019310,4
00-0019387,96
00-0019435,82
00-0019456,54
00-0019457,88
00-0019467,58
00-0019484,23
00-0019502,65
00-0019503,70
00-0019506,55
00-0019536,6
00-0019537,31
00-0019538,51
00-0019545,94
00-0019546,55
00-0019548,86
00-0019559,10
00-0019560,34
00-0019573,98
00-0019586,53
00-0019587,44
00-0019593,96
00-0019596,12
00-0019599,10
00-0019605,90
00-0019613,20
00-0019626,70
00-0019629,63
00-0019630,71
00-0019632,66
00-0019635,57
00-0019641,20
00-0019642,80
00-0019646,11
00-0019648,53
00-0019650,86
00-0019664,77
00-0019666,78
00-0019676,4
00-0019681,48
00-0019693,31
00-0019695,98
00-0019696,93
00-0019699,30
00-0019700,96
00-0019702,76
00-0019706,98
00-0019709,8
00-0019710,23
00-0019714,9
00-0019724,26
00-0019733,20
00-0019770,4
00-0019778,1
00-0019809,54
00-0019863,30
00-0019921,7
00-0019940,76
00-0019954,66
00-0019986,95
00-0019993,26
00-0020006,58
00-0020055,93
00-0020107,27
00-0020138,69
00-0020139,50
00-0020199,42
00-0020245,2
00-0020260,63
00-0020267,5
00-0020268,86
00-0020270,28
00-0020285,82
00-0020286,96
00-0020301,23
00-0020305,4
00-0020329,32
00-0020332,80
00-0020337,89
00-0020342,86
00-0020348,78
00-0020368,50
00-0020380,77
00-0020382,93
00-0020384,31
00-0020389,66
00-0020397,85
00-0020399,71
00-0020406,69
00-0020414,74
00-0020426,98
00-0020438,84
00-0020442,92
00-0020444,76
00-0020445,51
00-0020446,84
00-0020450,61
00-0020457,61
00-0020461,74
00-0020462,32
00-0020463,67
00-0020466,73
00-0020467,26
00-0020469,94
00-0020470,52
00-0020475,97
00-0020478,50
00-0020480,18
00-0020489,96
00-0020491,97
00-0020492,99
00-0020494,89
00-0020495,22
00-0020498,87
00-0020499,31
00-0020504,73
00-0020505,24
00-0020506,90
00-0020507,44
00-0020508,44
00-0020514,32
00-0020515,94
00-0020516,86
00-0020522,27
00-0020524,98
00-0020528,95
00-0020531,9
00-0020533,68
00-0020535,94
00-0020536,21
00-0020543,72
00-0020550,80
00-0020571,42
00-0020578,3
00-0020608,8
00-0020653,24
00-0020664,49
00-0020678,34
00-0020679,13
00-0020712,92
00-0020737,3
00-0020801,73
00-0020804,38
00-0020805,38
00-0020824,39
00-0020840,25
00-0020867,96
00-0020873,57
00-0020962,2
00-0020969,65
00-0020971,53
00-0020972,8
00-0020995,52
00-0021064,64
00-0021081,58
00-0021083,28
00-0021085,51
00-0021092,97
00-0021096,40
00-0021099,95
00-0021106,78
00-0021126,58
00-0021140,90
00-0021142,71
00-0021143,31
00-0021144,79
00-0021145,76
00-0021146,93
00-0021147,19
00-0021148,80
00-0021149,95
00-0021151,31
00-0021153,84
00-0021154,89
00-0021156,94
00-0021157,21
00-0021159,86
00-0021160,71
00-0021161,71
00-0021163,10
00-0021166,82
00-0021174,15
00-0021175,11
00-0021178,69
00-0021179,26
00-0021181,70
00-0021182,28
00-0021184,46
00-0021185,22
00-0021186,24
00-0021187,47
00-0021189,77
00-0021190,82
00-0021191,89
00-0021192,86
00-0021194,21
00-0021197,59
00-0021206,3
00-0021213,86
00-0021214,50
00-0021215,68
00-0021216,20
00-0021219,24
00-0021222,52
00-0021224,33
00-0021225,57
00-0021227,81
00-0021228,96
00-0021229,29
00-0021230,50
00-0021231,4
00-0021235,9
00-0021236,81
00-0021244,77
00-0021246,50
00-0021250,50
00-0021255,86
00-0021257,54
00-0021259,99
00-0021261,95
00-0021262,99
00-0021267,55
00-0021269,74
00-0021270,23
00-0021273,84
00-0021279,36
00-0021286,38
00-0021296,13
00-0021297,62
00-0021304,89
00-0021306,29
00-0021314,29
00-0021332,91
00-0021340,98
00-0021341,66
00-0021344,99
00-0021345,45
00-0021348,63
00-0021357,25
00-0021377,22
00-0021381,23
00-0021382,98
00-0021383,78
00-0021385,64
00-0021429,3
00-0021451,46
00-0021464,66
00-0021484,58
00-0021488,1
00-0021490,97
00-0021493,52
00-0021503,26
00-0021504,67
00-0021508,17
00-0021512,27
00-0021525,82
00-0021542,74
00-0021544,54
00-0021546,68
00-0021547,85
00-0021570,14
00-0021577,91
00-0021604,77
00-0021612,23
00-0021637,73
00-0021645,58
00-0021647,83
00-0021654,23
00-0021678,9
00-0021679,90
00-0021684,91
00-0021706,73
00-0021746,4
00-0021755,34
00-0021756,89
00-0021891,24
00-0021901,51
00-0021911,74
00-0021915,85
00-0021922,66
00-0021927,17
00-0021929,86
00-0021931,87
00-0021940,3
00-0021941,96
00-0021943,25
00-0021949,39
00-0021951,43
00-0021952,35
00-0021956,22
00-0021959,60
00-0021960,65
00-0021970,94
00-0021974,72
00-0021976,23
00-0021977,50
00-0021982,12
00-0021983,92
00-0021989,94
00-0021990,55
00-0021992,26
00-0021994,29
00-0021995,90
00-0021997,99
00-0021998,90
00-0021999,13
00-0022000,72
00-0022001,81
00-0022002,90
00-0022003,35
00-0022005,7
00-0022008,24
00-0022009,57
00-0022010,98
00-0022011,45
00-0022017,5
00-0022019,67
00-0022021,79
00-0022029,27
00-0022034,51
00-0022038,95
00-0022040,58
00-0022044,81
00-0022045,23
00-0022046,23
00-0022047,96
00-0022049,35
00-0022050,59
00-0022054,80
00-0022055,9
00-0022059,98
00-0022064,81
00-0022067,37
00-0022073,93
00-0022077,28
00-0022078,78
00-0022080,31
00-0022081,56
00-0022084,80
00-0022085,95
00-0022089,67
00-0022090,54
00-0022092,22
00-0022093,25
00-0022094,64
00-0022097,84
00-0022100,23
00-0022101,6
00-0022117,69
00-0022119,43
00-0022120,97
00-0022121,8
00-0022122,65
00-0022123,31
00-0022126,82
00-0022127,82
00-0022128,55
00-0022131,73
00-0022132,76
00-0022137,53
00-0022139,96
00-0022140,98
00-0022141,23
00-0022143,34
00-0022144,80
00-0022145,64
00-0022147,97
00-0022149,79
00-0022155,73
00-0022156,89
00-0022157,62
00-0022158,30
00-0022161,94
00-0022164,7
00-0022165,87
00-0022166,51
00-0022167,32
00-0022169,71
00-0022171,87
00-0022173,94
00-0022177,4
00-0022178,26
00-0022214,70
00-0022216,30
00-0022217,37
00-0022218,24
00-0022245,74
00-0022247,27
00-0022250,39
00-0022266,64
00-0022277,16
00-0022288,31
00-0022296,17
00-0022341,21
00-0022342,57
00-0022344,20
00-0022350,65
00-0022352,22
00-0022388,10
00-0022397,44
00-0022405,45
00-0022409,26
00-0022414,80
00-0022421,82
00-0022427,19
00-0022434,38
00-0022455,48
00-0022484,88
00-0022502,44
00-0022527,33
00-0022529,44
00-0022539,95
00-0022554,91
00-0022581,46
00-0022610,91
00-0022613,17
00-0022684,5
00-0022692,93
00-0022695,58
00-0022696,99
00-0022697,45
00-0022706,86
00-0022707,58
00-0022710,90
00-0022711,54
00-0022712,75
00-0022713,23
00-0022714,87
00-0022722,94
00-0022723,55
00-0022725,83
00-0022726,84
00-0022728,73
00-0022730,98
00-0022735,21
00-0022736,39
00-0022737,9
00-0022738,47
00-0022740,69
00-0022746,83
00-0022750,92
00-0022753,94
00-0022755,73
00-0022764,52
00-0022766,12
00-0022767,35
00-0022770,32
00-0022771,54
00-0022778,51
00-0022779,73
00-0022780,58
00-0022781,84
00-0022785,79
00-0022786,22
00-0022787,8
00-0022793,94
00-0022796,44
00-0022803,10
00-0022804,61
00-0022805,94
00-0022807,87
00-0022808,66
00-0022810,53
00-0022811,82
00-0022814,98
00-0022815,27
00-0022817,89
00-0022821,33
00-0022824,14
00-0022828,23
00-0022832,63
00-0022836,72
00-0022837,90
00-0022838,76
00-0022839,51
00-0022840,21
00-0022841,64
00-0022842,41
00-0022843,36
00-0022844,26
00-0022847,84
00-0022851,20
00-0022855,77
00-0022858,76
00-0022860,55
00-0022863,90
00-0022864,7
00-0022867,91
00-0022870,78
00-0022874,8
00-0022875,63
00-0022876,95
00-0022878,99
00-0022882,84
00-0022888,73
00-0022890,72
00-0022894,99
00-0022895,66
00-0022897,33
00-0022900,20
00-0022901,85
00-0022905,67
00-0022906,99
00-0022909,11
00-0022910,83
00-0022911,91
00-0022912,6
00-0022913,31
00-0022914,20
00-0022915,95
00-0022918,98
00-0022921,11
00-0022922,81
00-0022923,23
00-0022924,7
00-0022927,56
00-0022928,34
00-0022929,19
00-0022930,90
00-0022932,51
00-0022942,17
00-0022943,84
00-0022944,31
00-0022954,2
00-0022975,48
00-0022979,63
00-0022984,25
00-0022997,54
00-0022998,94
00-0022999,29
00-0023001,6
00-0023003,60
00-0023005,67
00-0023008,31
00-0023013,39
00-0023016,71
00-0023053,37
00-0023060,5
00-0023063,43
00-0023074,38
00-0023084,58
00-0023090,67
00-0023096,9
00-0023108,83
00-0023136,41
00-0023173,0
00-0023176,16
00-0023177,59
00-0023180,62
00-0023186,24
00-0023195,93
00-0023199,95
00-0023210,84
00-0023213,43
00-0023215,55
00-0023219,93
00-0023234,9
00-0023251,36
00-0023252,9
00-0023255,99
00-0023259,57
00-0023287,30
00-0023288,31
00-0023298,91
00-0023299,60
00-0023310,16
00-0023313,50
00-0023316,23
00-0023318,63
00-0023327,95
00-0023331,48
00-0023354,30
00-0023362,68
00-0023363,8
00-0023367,85
00-0023368,91
00-0023404,26
00-0023405,27
00-0023408,17
00-0023429,82
00-0023436,11
00-0023437,30
00-0023438,17
00-0023439,32
00-0023440,33
00-0023441,24
00-0023442,84
00-0023443,26
00-0023444,27
00-0023445,94
00-0023446,56
00-0023447,77
00-0023448,58
00-0023449,56
00-0023450,96
00-0023452,17
00-0023454,72
00-0023455,96
00-0023457,89
00-0023458,34
00-0023459,8
00-0023460,17
00-0023461,60
00-0023462,84
00-0023463,93
00-0023464,28
00-0023465,83
00-0023466,93
00-0023467,70
00-0023468,64
00-0023469,22
00-0023470,86
00-0023471,54
00-0023472,95
00-0023473,30
00-0023474,16
00-0023475,36
00-0023476,71
00-0023477,94
00-0023478,23
00-0023480,51
00-0023481,90
00-0023482,2
00-0023485,41
00-0023486,36
00-0023487,64
00-0023490,12
00-0023492,43
00-0023494,95
00-0023495,24
00-0023496,83
00-0023497,20
00-0023498,52
00-0023499,79
00-0023500,21
00-0023501,20
00-0023502,3
00-0023503,15
00-0023505,52
00-0023506,83
00-0023509,91
00-0023511,24
00-0023512,21
00-0023513,58
00-0023514,69
00-0023516,64
00-0023518,15
00-0023519,31
00-0023522,31
00-0023523,91
00-0023524,99
00-0023528,79
00-0023529,68
00-0023530,56
00-0023531,81
00-0023532,24
00-0023533,56
00-0023534,2
00-0023535,77
00-0023537,37
00-0023539,34
00-0023540,67
00-0023541,18
00-0023543,38
00-0023544,24
00-0023545,34
00-0023548,76
00-0023557,25
00-0023558,60
00-0023559,98
00-0023560,79
00-0023561,35
00-0023562,94
00-0023563,65
00-0023564,43
00-0023566,99
00-0023567,39
00-0023569,27
00-0023570,87
00-0023571,91
00-0023578,8
00-0023579,58
00-0023582,55
00-0023583,70
00-0023589,43
00-0023590,43
00-0023593,53
00-0023596,65
00-0023602,63
00-0023606,56
00-0023611,76
00-0023612,83
00-0023613,99
00-0023614,43
00-0023619,92
00-0023620,76
00-0023621,38
00-0023622,72
00-0023624,94
00-0023630,81
00-0023633,55
00-0023635,3
00-0023639,61
00-0023642,2
00-0023645,3
00-0023648,92
00-0023652,58
00-0023656,90
00-0023662,8
00-0023663,23
00-0023665,68
00-0023674,63
00-0023679,86
00-0023682,14
00-0023683,39
00-0023693,93
00-0023727,24
00-0023728,9
00-0023729,53
00-0023740,47
00-0023742,9
00-0023750,94
00-0023752,85
00-0023757,39
00-0023774,38
00-0023781,78
00-0023784,88
00-0023788,86
00-0023790,87
00-0023797,87
00-0023807,40
00-0023812,56
00-0023814,94
00-0023832,41
00-0023846,65
00-0023847,94
00-0023853,15
00-0023880,79
00-0023890,93
00-0023893,92
00-0023894,72
00-0023902,23
00-0023903,56
00-0023904,50
00-0023918,24
00-0023920,74
00-0023921,19
00-0023945,47
00-0023953,81
00-0023954,72
00-0023958,71
00-0023968,18
00-0023982,58
00-0023998,28
00-0024002,96
00-0024008,36
00-0024011,22
00-0024013,19
00-0024017,49
00-0024018,51
00-0024030,96
00-0024058,97
00-0024061,0
00-0024073,92
00-0024081,69
00-0024095,37
00-0024097,27
00-0024100,59
00-0024102,76
00-0024103,24
00-0024110,3
00-0024129,52
00-0024156,59
00-0024171,15
00-0024172,44
00-0024178,35
00-0024183,24
00-0024188,64
00-0024193,66
00-0024201,31
00-0024204,22
00-0024217,22
00-0024218,9
00-0024219,60
00-0024220,54
00-0024221,85
00-0024222,29
00-0024223,39
00-0024224,59
00-0024225,7
00-0024226,6
00-0024227,94
00-0024228,95
00-0024229,77
00-0024230,24
00-0024231,25
00-0024232,52
00-0024233,59
00-0024234,31
00-0024235,91
00-0024236,26
00-0024237,91
00-0024238,69
00-0024239,25
00-0024240,14
00-0024241,79
00-0024242,34
00-0024244,74
00-0024245,29
00-0024246,23
00-0024247,94
00-0024248,59
00-0024249,52
00-0024250,52
00-0024253,51
00-0024254,69
00-0024256,72
00-0024257,38
00-0024258,41
00-0024259,83
00-0024260,25
00-0024261,87
00-0024262,67
00-0024263,20
00-0024264,10
00-0024265,73
00-0024266,63
00-0024267,85
00-0024268,80
00-0024269,31
00-0024270,77
00-0024271,65
00-0024272,17
00-0024273,31
00-0024274,65
00-0024275,21
00-0024276,85
00-0024277,28
00-0024278,55
00-0024279,7
00-0024281,73
00-0024282,56
00-0024284,74
00-0024285,31
00-0024286,51
00-0024287,45
00-0024290,66
00-0024292,50
00-0024294,34
00-0024295,55
00-0024296,15
00-0024297,80
00-0024298,25
00-0024300,12
00-0024301,85
00-0024303,42
00-0024304,0
00-0024305,83
00-0024306,98
00-0024307,97
00-0024308,86
00-0024309,54
00-0024311,58
00-0024312,33
00-0024313,81
00-0024314,62
00-0024315,26
00-0024316,50
00-0024318,16
00-0024320,30
00-0024321,0
00-0024322,98
00-0024323,73
00-0024324,81
00-0024325,57
00-0024326,88
00-0024328,95
00-0024330,41
00-0024331,50
00-0024332,29
00-0024333,3
00-0024334,15
00-0024335,53
00-0024338,96
00-0024339,98
00-0024341,58
00-0024342,93
00-0024343,67
00-0024344,78
00-0024345,87
00-0024347,95
00-0024348,95
00-0024349,50
00-0024350,75
00-0024352,26
00-0024353,69
00-0024354,98
00-0024355,79
00-0024356,91
00-0024359,36
00-0024360,26
00-0024365,52
00-0024367,94
00-0024369,87
00-0024372,26
00-0024373,93
00-0024375,73
00-0024382,53
00-0024387,37
00-0024389,82
00-0024390,67
00-0024392,56
00-0024394,47
00-0024396,95
00-0024397,97
00-0024398,17
00-0024399,36
00-0024401,66
00-0024403,30
00-0024405,92
00-0024406,25
00-0024408,5
00-0024410,64
00-0024413,74
00-0024417,4
00-0024418,99
00-0024420,90
00-0024421,41
00-0024422,39
00-0024424,64
00-0024425,72
00-0024426,90
00-0024427,0
00-0024428,63
00-0024429,26
00-0024432,19
00-0024434,62
00-0024442,24
00-0024447,19
00-0024448,64
00-0024452,20
00-0024456,66
00-0024460,25
00-0024463,15
00-0024465,88
00-0024466,12
00-0024467,58
00-0024483,74
00-0024489,45
00-0024495,55
00-0024515,6
00-0024517,51
00-0024529,47
00-0024530,98
00-0024533,71
00-0024535,14
00-0024559,28
00-0024561,32
00-0024565,56
00-0024566,64
00-0024582,55
00-0024583,75
00-0024588,34
00-0024598,26
00-0024607,85
00-0024609,16
00-0024638,30
00-0024648,66
00-0024659,34
00-0024663,36
00-0024670,64
00-0024673,97
00-0024682,83
00-0024687,17
00-0024692,97
00-0024697,33
00-0024714,55
00-0024734,93
00-0024738,45
00-0024745,0
00-0024750,53
00-0024755,94
00-0024756,12
00-0024765,99
00-0024793,28
00-0024796,43
00-0024805,75
00-0024812,4
00-0024813,39
00-0024815,41
00-0024824,15
00-0024825,47
00-0024834,22
00-0024846,22
00-0025388,2
00-0025389,81
00-0025390,73
00-0025391,99
00-0025392,67
00-0025393,30
00-0025394,21
00-0025395,92
00-0025396,19
00-0025397,76
00-0025398,52
00-0025399,24
00-0025400,94
00-0025401,24
00-0025402,94
00-0025404,94
00-0025405,29
00-0025406,22
00-0025407,31
00-0025408,27
00-0025409,3
00-0025410,80
00-0025411,22
00-0025412,52
00-0025413,99
00-0025414,17
00-0025415,74
00-0025416,66
00-0025417,84
00-0025418,88
00-0025419,11
00-0025420,97
00-0025421,51
00-0025423,4
00-0025424,0
00-0025425,86
00-0025426,63
00-0025427,12
00-0025428,23
00-0025430,6
00-0025431,18
00-0025432,80
00-0025433,56
00-0025434,45
00-0025435,52
00-0025437,40
00-0025438,12
00-0025439,40
00-0025440,30
00-0025441,90
00-0025442,30
00-0025443,96
00-0025444,95
00-0025445,59
00-0025446,55
00-0025447,64
00-0025448,42
00-0025450,29
00-0025451,42
00-0025452,93
00-0025453,26
00-0025455,58
00-0025457,68
00-0025458,38
00-0025460,13
00-0025461,82
00-0025462,81
00-0025463,89
00-0025464,89
00-0025465,89
00-0025466,15
00-0025468,94
00-0025469,93
00-0025470,95
00-0025471,32
00-0025472,92
00-0025473,73
00-0025474,55
00-0025475,62
00-0025476,26
00-0025478,75
00-0025479,11
00-0025480,25
00-0025482,33
00-0025483,59
00-0025484,91
00-0025486,15
00-0025487,29
00-0025488,8
00-0025489,96
00-0025490,18
00-0025493,36
00-0025495,90
00-0025496,54
00-0025497,0
00-0025499,9
00-0025501,47
00-0025502,64
00-0025503,51
00-0025504,63
00-0025506,73
00-0025508,79
00-0025509,68
00-0025510,23
00-0025511,76
00-0025512,74
00-0025513,38
00-0025516,88
00-0025517,66
00-0025519,98
00-0025521,95
00-0025522,60
00-0025523,55
00-0025524,33
00-0025525,56
00-0025527,33
00-0025528,93
00-0025529,15
00-0025532,35
00-0025534,25
00-0025535,21
00-0025536,77
00-0025539,90
00-0025540,80
00-0025541,95
00-0025542,88
00-0025544,87
00-0025547,6
00-0025548,54
00-0025549,87
00-0025550,77
00-0025551,59
00-0025552,37
00-0025553,90
00-0025554,44
00-0025555,24
00-0025557,22
00-0025559,19
00-0025560,20
00-0025561,1
00-0025562,46
00-0025565,6
00-0025566,54
00-0025567,55
00-0025568,45
00-0025569,55
00-0025570,64
00-0025571,29
00-0025572,97
00-0025573,33
00-0025574,75
00-0025576,61
00-0025578,35
00-0025579,0
00-0025582,33
00-0025583,72
00-0025589,37
00-0025591,78
00-0025592,5
00-0025594,54
00-0025596,78
00-0025597,87
00-0025602,89
00-0025604,4
00-0025605,54
00-0025607,55
00-0025608,38
00-0025609,88
00-0025610,66
00-0025611,20
00-0025612,4
00-0025613,0
00-0025615,35
00-0025619,60
00-0025622,17
00-0025624,24
00-0025626,99
00-0025627,52
00-0025629,55
00-0025630,46
00-0025631,44
00-0025633,34
00-0025636,19
00-0025637,44
00-0025640,44
00-0025641,17
00-0025642,38
00-0025660,61
00-0025667,51
00-0025668,21
00-0025672,46
00-0025681,2
00-0025682,63
00-0025689,70
00-0025697,57
00-0025701,44
00-0025708,8
00-0025714,63
00-0025719,54
00-0025720,0
00-0025728,1
00-0025739,34
00-0025749,2
00-0025753,32
00-0025761,59
00-0025764,33
00-0025780,0
00-0025786,13
00-0025787,78
00-0025788,27
00-0025819,8
00-0025820,72
00-0025821,53
00-0025824,8
00-0025825,6
00-0025826,76
00-0025828,59
00-0025829,64
00-0025833,57
00-0025834,0
00-0025838,54
00-0025841,40
00-0025848,34
00-0025857,79
00-0025860,42
00-0025864,88
00-0025866,62
00-0025872,62
00-0025877,0
00-0025889,45
00-0025900,77
00-0025902,43
00-0025920,50
00-0025925,61
00-0025927,79
00-0025931,0
00-0025932,95
00-0025934,86
00-0025940,39
00-0025942,92
00-0025944,4
00-0025945,58
00-0025951,24
00-0025955,0
00-0025970,16
00-0025980,60
00-0025991,68
00-0025992,0
00-0025993,52
00-0025995,57
00-0025996,0
00-0025997,2
00-0025999,57
00-0026000,15
00-0026001,59
00-0026003,2
00-0026008,82
00-0026012,30
00-0026013,54
00-0026015,64
00-0026016,92
00-0026019,39
00-0026022,85
00-0026026,81
00-0026027,44
00-0026028,51
00-0026029,38
00-0026032,10
00-0026033,42
00-0026035,86
00-0026043,94
00-0026046,95
00-0026054,96
00-0026056,16
00-0026057,0
00-0026061,62
00-0026069,35
00-0026071,24
00-0026072,45
00-0026079,47
00-0026080,77
00-0026084,66
00-0026089,31
00-0026093,98
00-0026100,0
00-0026105,95
00-0026113,28
00-0026121,30
00-0026123,86
00-0026126,27
00-0026132,32
00-0026138,4
00-0026142,56
00-0026143,2
00-0026144,20
00-0026145,90
00-0026146,50
00-0026147,98
00-0026148,95
00-0026149,56
00-0026150,51
00-0026151,21
00-0026152,78
00-0026153,28
00-0026154,74
00-0026155,76
00-0026156,45
00-0026157,78
00-0026158,16
00-0026159,79
00-0026160,0
00-0026161,72
00-0026162,23
00-0026163,28
00-0026164,23
00-0026165,43
00-0026166,76
00-0026167,23
00-0026168,94
00-0026169,93
00-0026170,81
00-0026171,38
00-0026172,93
00-0026173,17
00-0026174,15
00-0026175,24
00-0026176,82
00-0026177,50
00-0026178,89
00-0026179,62
00-0026180,21
00-0026181,84
00-0026182,19
00-0026183,24
00-0026184,22
00-0026185,57
00-0026186,14
00-0026187,99
00-0026188,83
00-0026189,1
00-0026190,93
00-0026191,12
00-0026192,53
00-0026193,80
00-0026194,98
00-0026195,27
00-0026196,4
00-0026197,4
00-0026199,67
00-0026200,27
00-0026201,88
00-0026202,0
00-0026203,24
00-0026204,30
00-0026205,73
00-0026206,96
00-0026207,30
00-0026208,29
00-0026209,40
00-0026210,80
00-0026211,52
00-0026212,0
00-0026213,31
00-0026214,55
00-0026215,30
00-0026216,87
00-0026217,92
00-0026218,0
00-0026219,36
00-0026220,53
00-0026221,85
00-0026222,34
00-0026223,53
00-0026224,83
00-0026225,88
00-0026226,28
00-0026227,96
00-0026228,0
00-0026229,23
00-0026230,99
00-0026231,88
00-0026232,56
00-0026233,41
00-0026235,86
00-0026236,78
00-0026237,12
00-0026238,21
00-0026239,75
00-0026240,27
00-0026241,37
00-0026242,99
00-0026243,95
00-0026246,11
00-0026247,72
00-0026248,78
00-0026249,77
00-0026251,85
00-0026252,73
00-0026253,20
00-0026254,37
00-0026255,99
00-0026256,91
00-0026257,21
00-0026258,58
00-0026259,31
00-0026260,20
00-0026261,71
00-0026262,43
00-0026263,53
00-0026264,30
00-0026266,10
00-0026267,83
00-0026268,14
00-0026269,29
00-0026270,76
00-0026272,82
00-0026274,53
00-0026275,71
00-0026276,80
00-0026278,59
00-0026279,41
00-0026280,39
00-0026281,82
00-0026282,30
00-0026283,45
00-0026284,61
00-0026285,0
00-0026286,42
00-0026287,54
00-0026288,0
00-0026289,34
00-0026290,68
00-0026291,98
00-0026292,98
00-0026293,18
00-0026294,71
00-0026295,56
00-0026296,0
00-0026298,47
00-0026300,11
00-0026303,44
00-0026304,77
00-0026305,54
00-0026307,93
00-0026309,76
00-0026310,73
00-0026313,34
00-0026314,19
00-0026315,55
00-0026316,34
00-0026317,42
00-0026319,0
00-0026320,41
00-0026321,96
00-0026323,46
00-0026324,69
00-0026325,55
00-0026327,65
00-0026330,93
00-0026331,17
00-0026333,0
00-0026334,21
00-0026335,66
00-0026336,0
00-0026340,57
00-0026342,32
00-0026343,59
00-0026344,36
00-0026345,15
00-0026346,43
00-0026348,0
00-0026349,3
00-0026351,75
00-0026353,30
00-0026354,95
00-0026355,82
00-0026356,67
00-0026357,18
00-0026358,0
00-0026359,77
00-0026360,30
00-0026361,0
00-0026364,11
00-0026365,72
00-0026366,85
00-0026367,33
00-0026368,56
00-0026369,40
00-0026370,77
00-0026371,93
00-0026372,89
00-0026373,20
00-0026375,10
00-0026376,71
00-0026377,87
00-0026381,74
00-0026382,50
00-0026385,97
00-0026389,48
00-0026390,73
00-0026391,35
00-0026392,54
00-0026393,44
00-0026396,0
00-0026407,53
00-0026408,76
00-0026417,57
00-0026432,35
00-0026444,29
00-0026447,42
00-0026453,29
00-0026465,13
00-0026486,56
00-0026491,11
00-0026493,46
00-0026498,9
00-0026499,56
00-0026500,68
00-0026501,27
00-0026502,97
00-0026512,90
00-0026515,29
00-0026516,2
00-0026519,30
00-0026522,54
00-0026532,30
00-0026533,92
00-0026536,17
00-0026537,70
00-0026539,29
00-0026541,90
00-0026544,4
00-0026548,0
00-0026554,50
00-0026556,59
00-0026557,45
00-0026561,73
00-0026562,13
00-0026564,96
00-0026566,33
00-0026571,48
00-0026572,0
00-0026574,61
00-0026577,11
00-0026578,33
00-0026579,22
00-0026581,49
00-0026583,43
00-0026593,94
00-0026597,69
00-0026598,48
00-0026599,0
00-0026605,50
00-0026607,44
00-0026610,38
00-0026612,0
00-0026617,90
00-0026618,79
00-0026620,0
00-0026622,0
00-0026625,7
00-0026635,58
00-0026644,30
00-0026647,4
00-0026648,26
00-0026650,0
00-0026652,0
00-0026658,88
00-0026662,44
00-0026664,8
00-0026665,0
00-0026669,46
00-0026672,50
00-0026674,26
00-0026678,69
00-0026683,90
00-0026691,82
00-0026699,85
00-0026700,73
00-0026709,57
00-0026712,49
00-0026714,57
00-0026715,65
00-0026716,13
00-0026720,0
00-0026721,49
00-0026723,36
00-0026725,55
00-0026727,52
00-0026738,47
00-0026739,11
00-0026742,59
00-0026744,0
00-0026745,36
00-0026751,53
00-0026753,14
00-0026757,83
00-0026758,37
00-0026759,97
00-0026762,78
00-0026763,47
00-0026765,79
00-0026769,30
00-0026771,33
00-0026780,15
00-0026784,62
00-0026788,52
00-0026790,22
00-0026791,96
00-0026796,29
00-0026798,96
00-0026799,0
00-0026804,80
00-0026814,78
00-0026815,39
00-0026819,0
00-0026824,25
00-0026830,53
00-0026831,26
00-0026832,52
00-0026837,37
00-0026839,78
00-0026844,89
00-0026845,45
00-0026852,36
00-0026855,30
00-0026857,57
00-0026858,9
00-0026866,0
00-0026868,41
00-0026869,59
00-0026871,70
00-0026875,35
00-0026877,97
00-0026878,84
00-0026898,6
00-0026899,23
00-0026900,73
00-0026901,14
00-0026902,85
00-0026903,21
00-0026904,0
00-0026905,90
00-0026906,54
00-0026907,20
00-0026908,83
00-0026909,74
00-0026910,20
00-0026911,52
00-0026912,29
00-0026913,13
00-0026914,27
00-0026920,20
00-0026921,52
00-0026925,27
00-0026926,38
00-0026928,37
00-0026929,66
00-0026930,92
00-0026931,80
00-0026932,30
00-0026933,51
00-0026934,28
00-0026935,23
00-0026936,38
00-0026937,13
00-0026939,59
00-0026940,91
00-0026941,34
00-0026942,96
00-0026943,74
00-0026944,41
00-0026945,38
00-0026946,52
00-0026947,44
00-0026948,43
00-0026950,62
00-0026951,52
00-0026952,33
00-0026953,18
00-0026956,34
00-0026957,82
00-0026958,39
00-0026959,84
00-0026960,36
00-0026961,60
00-0026962,53
00-0026963,88
00-0026964,93
00-0026968,3
00-0026979,63
00-0026980,94
00-0026981,51
00-0026982,76
00-0026983,88
00-0026984,60
00-0026985,90
00-0026986,15
00-0026987,51
00-0026988,28
00-0026989,98
00-0026990,27
00-0026991,56
00-0026992,57
00-0026993,5
00-0026994,91
00-0026995,18
00-0026996,87
00-0026997,50
00-0026998,11
00-0026999,73
00-0027000,94
00-0027001,22
00-0027002,52
00-0027003,34
00-0027004,70
00-0027005,88
00-0027006,85
00-0027007,26
00-0027008,97
00-0027009,25
00-0027010,23
00-0027011,53
00-0027012,87
00-0027013,27
00-0027014,58
00-0027015,62
00-0027016,97
00-0027017,20
00-0027018,31
00-0027019,90
00-0027020,5
00-0027021,52
00-0027022,53
00-0027023,34
00-0027024,28
00-0027025,60
00-0027026,11
00-0027027,67
00-0027028,90
00-0027029,25
00-0027030,71
00-0027031,25
00-0027032,95
00-0027033,99
00-0027034,76
00-0027035,36
00-0027036,66
00-0027037,21
00-0027038,99
00-0027040,89
00-0027041,24
00-0027042,97
00-0027043,52
00-0027044,90
00-0027045,91
00-0027046,98
00-0027047,22
00-0027048,29
00-0027050,54
00-0027051,62
00-0027052,65
00-0027053,60
00-0027054,32
00-0027055,98
00-0027056,12
00-0027057,87
00-0027058,21
00-0027059,88
00-0027060,21
00-0027061,87
00-0027062,30
00-0027063,10
00-0027064,26
00-0027065,69
00-0027066,29
00-0027067,25
00-0027068,58
00-0027069,80
00-0027070,47
00-0027071,7
00-0027072,27
00-0027073,97
00-0027074,50
00-0027076,19
00-0027077,83
00-0027078,76
00-0027079,0
00-0027080,23
00-0027081,27
00-0027082,90
00-0027083,30
00-0027084,94
00-0027085,0
00-0027086,53
00-0027087,59
00-0027088,83
00-0027089,18
00-0027090,59
00-0027091,49
00-0027092,10
00-0027093,43
00-0027094,35
00-0027095,51
00-0027096,72
00-0027097,68
00-0027098,27
00-0027101,74
00-0027102,11
00-0027103,10
00-0027104,39
00-0027105,87
00-0027106,45
00-0027107,59
00-0027108,53
00-0027109,80
00-0027110,73
00-0027112,79
00-0027114,7
00-0027115,29
00-0027116,0
00-0027119,18
00-0027120,21
00-0027121,12
00-0027122,0
00-0027123,59
00-0027124,21
00-0027125,86
00-0027126,0
00-0027127,25
00-0027128,31
00-0027129,35
00-0027130,0
00-0027131,9
00-0027133,47
00-0027134,17
00-0027135,82
00-0027136,30
00-0027138,91
00-0027139,82
00-0027140,47
00-0027141,0
00-0027142,0
00-0027144,31
00-0027145,1
00-0027148,76
00-0027149,15
00-0027150,11
00-0027152,49
00-0027153,73
00-0027154,85
00-0027155,23
00-0027156,11
00-0027157,87
00-0027159,90
00-0027167,34
00-0027170,90
00-0027173,11
00-0027187,45
00-0027188,14
00-0027189,9
00-0027190,5
00-0027191,3
00-0027195,20
00-0027197,49
00-0027201,23
00-0027202,82
00-0027204,96
00-0027209,59
00-0027213,40
00-0027214,25
00-0027215,82
00-0027218,44
00-0027220,0
00-0027224,46
00-0027232,38
00-0027233,30
00-0027235,35
00-0027236,77
00-0027237,52
00-0027239,42
00-0027244,36
00-0027245,57
00-0027247,47
00-0027248,99
00-0027253,9
00-0027256,24
00-0027257,35
00-0027259,86
00-0027261,14
00-0027263,93
00-0027264,63
00-0027265,80
00-0027270,52
00-0027276,58
00-0027282,63
00-0027286,0
00-0027290,20
00-0027297,78
00-0027302,0
00-0027308,11
00-0027309,61
00-0027313,22
00-0027321,87
00-0027322,15
00-0027325,29
00-0027333,60
00-0027337,59
00-0027338,38
00-0027339,72
00-0027346,38
00-0027347,6
00-0027349,83
00-0027350,24
00-0027352,83
00-0027353,30
00-0027355,29
00-0027356,15
00-0027358,18
00-0027360,0
00-0027362,39
00-0027371,62
00-0027375,35
00-0027377,57
00-0027378,42
00-0027401,38
00-0027402,71
00-0027405,4
00-0027412,41
00-0027416,42
00-0027417,67
00-0027419,49
00-0027421,23
00-0027422,40
00-0027423,0
00-0027427,0
00-0027429,15
00-0027431,65
00-0027433,58
00-0027435,68
00-0027437,35
00-0027440,37
00-0027441,17
00-0027442,51
00-0027444,68
00-0027445,85
00-0027450,15
00-0027460,94
00-0027464,30
00-0027467,45
00-0027468,0
00-0027469,62
00-0027470,12
00-0027471,38
00-0027477,15
00-0027485,62
00-0027495,90
00-0027499,58
00-0027500,80
00-0027501,51
00-0027503,35
00-0027506,70
00-0027507,35
00-0027509,3
00-0027511,48
00-0027518,19
00-0027520,15
00-0027531,33
00-0027532,69
00-0027539,41
00-0027542,68
00-0027547,35
00-0027551,58
00-0027555,49
00-0027557,46
00-0027560,47
00-0027562,31
00-0027567,86
00-0027571,96
00-0027573,98
00-0027576,0
00-0027581,16
00-0027583,47
00-0027585,15
00-0027595,81
00-0027597,0
00-0027598,57
00-0027602,6
00-0027603,99
00-0027604,0
00-0027606,19
00-0027607,62
00-0027608,15
00-0027609,61
00-0027610,20
00-0027611,22
00-0027612,44
00-0027618,16
00-0027624,68
00-0027628,91
00-0027639,53
00-0027647,32
00-0027649,22
00-0027650,92
00-0027651,33
00-0027652,29
00-0027653,0
00-0027654,17
00-0027655,96
00-0027656,87
00-0027657,99
00-0027658,69
00-0027659,2
00-0027660,28
00-0027661,55
00-0027662,8
00-0027663,50
00-0027664,96
00-0027665,62
00-0027666,20
00-0027667,62
00-0027668,51
00-0027669,78
00-0027670,45
00-0027671,42
00-0027672,23
00-0027673,75
00-0027675,84
00-0027676,42
00-0027677,98
00-0027678,64
00-0027679,70
00-0027680,31
00-0027681,19
00-0027682,56
00-0027683,66
00-0027684,93
00-0027685,1
00-0027686,98
00-0027687,16
00-0027688,12
00-0027689,50
00-0027690,87
00-0027691,18
00-0027692,10
00-0027693,15
00-0027694,77
00-0027695,81
00-0027696,80
00-0027697,38
00-0027698,53
00-0027699,79
00-0027700,16
00-0027701,97
00-0027702,19
00-0027703,53
00-0027704,54
00-0027705,42
00-0027706,35
00-0027708,81
00-0027709,12
00-0027710,25
00-0027711,26
00-0027712,22
00-0027713,81
00-0027714,88
00-0027715,0
00-0027716,0
00-0027717,68
00-0027718,80
00-0027719,57
00-0027720,97
00-0027721,57
00-0027722,0
00-0027723,96
00-0027724,92
00-0027725,80
00-0027726,47
00-0027727,78
00-0027728,74
00-0027729,66
00-0027730,54
00-0027731,55
00-0027732,84
00-0027733,31
00-0027734,91
00-0027735,32
00-0027736,28
00-0027737,20
00-0027738,0
00-0027739,38
00-0027741,55
00-0027742,59
00-0027743,27
00-0027744,24
00-0027745,93
00-0027746,67
00-0027747,32
00-0027748,0
00-0027749,3
00-0027750,79
00-0027752,73
00-0027753,49
00-0027754,8
00-0027755,85
00-0027756,96
00-0027757,68
00-0027758,14
00-0027759,42
00-0027760,0
00-0027761,88
00-0027762,20
00-0027763,41
00-0027764,80
00-0027765,58
00-0027766,96
00-0027768,72
00-0027769,48
00-0027770,35
00-0027772,26
00-0027774,76
00-0027775,11
00-0027776,18
00-0027777,93
00-0027778,70
00-0027779,39
00-0027780,82
00-0027781,69
00-0027782,98
00-0027783,85
00-0027784,96
00-0027785,64
00-0027786,20
00-0027787,97
00-0027788,50
00-0027789,19
00-0027790,57
00-0027791,44
00-0027793,81
00-0027794,37
00-0027795,12
00-0027796,0
00-0027798,38
00-0027799,37
00-0027801,16
00-0027804,0
00-0027805,35
00-0027806,25
00-0027808,97
00-0027809,82
00-0027810,23
00-0027812,51
00-0027813,18
00-0027814,51
00-0027815,6
00-0027816,87
00-0027817,41
00-0027818,93
00-0027819,42
00-0027821,58
00-0027822,69
00-0027825,81
00-0027826,98
00-0027827,83
00-0027828,58
00-0027829,90
00-0027831,53
00-0027833,92
00-0027835,28
00-0027836,0
00-0027838,95
00-0027840,36
00-0027842,27
00-0027843,45
00-0027844,41
00-0027845,58
00-0027852,95
00-0027853,21
00-0027854,9
00-0027855,93
00-0027856,93
00-0027857,71
00-0027858,29
00-0027859,76
00-0027860,23
00-0027861,26
00-0027863,76
00-0027864,24
00-0027865,55
00-0027866,29
00-0027867,91
00-0027868,91
00-0027869,70
00-0027870,53
00-0027871,56
00-0027872,27
00-0027873,84
00-0027874,18
00-0027875,75
00-0027876,15
00-0027877,90
00-0027878,75
00-0027879,24
00-0027880,44
00-0027881,52
00-0027882,21
00-0027883,55
00-0027884,94
00-0027885,93
00-0027886,58
00-0027887,27
00-0027888,21
00-0027889,93
00-0027890,34
00-0027891,0
00-0027892,51
00-0027893,10
00-0027894,53
00-0027895,21
00-0027896,25
00-0027901,0
00-0027902,88
00-0027904,55
00-0027905,46
00-0027912,84
00-0027914,23
00-0027915,35
00-0027917,44
00-0027918,16
00-0027920,0
00-0027925,46
00-0027929,53
00-0027939,1
00-0027940,40
00-0027941,99
00-0027942,18
00-0027943,20
00-0027944,80
00-0027945,58
00-0027946,10
00-0027947,77
00-0027948,9
00-0027949,99
00-0027950,15
00-0027951,90
00-0027952,98
00-0027953,53
00-0027954,90
00-0027955,76
00-0027956,94
00-0027957,0
00-0027958,94
00-0027959,99
00-0027960,74
00-0027961,62
00-0027962,94
00-0027963,77
00-0027964,84
00-0027965,22
00-0027966,5
00-0027967,68
00-0027968,96
00-0027969,97
00-0027970,78
00-0027971,0
00-0027972,23
00-0027973,14
00-0027974,7
00-0027975,0
00-0027976,34
00-0027977,48
00-0027978,55
00-0027979,94
00-0027980,42
00-0027981,8
00-0027982,16
00-0027983,26
00-0027984,74
00-0027985,87
00-0027986,61
00-0027987,66
00-0027988,29
00-0027989,91
00-0027990,76
00-0027991,55
00-0027992,37
00-0027993,61
00-0027994,34
00-0027995,25
00-0027996,11
00-0027997,11
00-0027998,32
00-0027999,57
00-0028000,30
00-0028001,76
00-0028002,18
00-0028003,93
00-0028004,0
00-0028005,55
00-0028006,51
00-0028007,88
00-0028009,29
00-0028010,56
00-0028011,22
00-0028012,15
00-0028013,72
00-0028014,67
00-0028015,99
00-0028016,18
00-0028017,80
00-0028018,35
00-0028019,40
00-0028020,86
00-0028021,12
00-0028022,54
00-0028023,75
00-0028024,93
00-0028025,75
00-0028026,26
00-0028027,43
00-0028028,32
00-0028029,50
00-0028030,60
00-0028031,23
00-0028032,72
00-0028033,31
00-0028034,25
00-0028035,70
00-0028036,21
00-0028037,34
00-0028038,21
00-0028039,65
00-0028040,84
00-0028041,96
00-0028042,35
00-0028043,26
00-0028044,99
00-0028045,17
00-0028046,38
00-0028047,52
00-0028049,19
00-0028050,11
00-0028051,38
00-0028052,10
00-0028053,48
00-0028054,59
00-0028055,73
00-0028056,31
00-0028057,34
00-0028058,5
00-0028059,43
00-0028060,75
00-0028061,17
00-0028062,48
00-0028063,25
00-0028064,29
00-0028065,21
00-0028066,28
00-0028067,89
00-0028068,23
00-0028069,31
00-0028070,81
00-0028071,34
00-0028074,42
00-0028075,38
00-0028076,61
00-0028077,29
00-0028078,50
00-0028079,85
00-0028080,97
00-0028081,26
00-0028082,49
00-0028083,32
00-0028084,24
00-0028085,20
00-0028086,17
00-0028087,33
00-0028088,62
00-0028089,43
00-0028090,2
00-0028091,10
00-0028092,5
00-0028093,81
00-0028095,55
00-0028096,26
00-0028097,85
00-0028100,55
00-0028101,67
00-0028102,23
00-0028103,90
00-0028105,88
00-0028107,59
00-0028108,41
00-0028110,65
00-0028111,41
00-0028112,85
00-0028113,75
00-0028114,82
00-0028115,22
00-0028116,17
00-0028118,6
00-0028119,85
00-0028121,6
00-0028122,79
00-0028123,53
00-0028124,0
00-0028125,53
00-0028126,36
00-0028127,98
00-0028128,42
00-0028129,62
00-0028130,5
00-0028131,52
00-0028133,55
00-0028136,39
00-0028137,95
00-0028139,63
00-0028140,57
00-0028142,88
00-0028143,78
00-0028144,35
00-0028146,0
00-0028149,49
00-0028150,69
00-0028151,32
00-0028152,77
00-0028153,0
00-0028155,79
00-0028156,87
00-0028157,41
00-0028158,0
00-0028159,33
00-0028160,0
00-0028162,92
00-0028163,35
00-0028166,0
00-0028167,37
00-0028168,96
00-0028169,73
00-0028170,20
00-0028171,93
00-0028172,57
00-0028173,27
00-0028174,15
00-0028177,68
00-0028178,0
00-0028179,86
00-0028180,56
00-0028181,59
00-0028186,27
00-0028187,89
00-0028189,38
00-0028191,95
00-0028192,95
00-0028198,44
00-0028201,69
00-0028202,24
00-0028208,38
00-0028211,0
00-0028224,25
00-0028237,80
00-0028238,86
00-0028240,0
00-0028241,93
00-0028242,13
00-0028249,16
00-0028251,52
00-0028253,73
00-0028256,96
00-0028260,54
00-0028263,19
00-0028267,85
00-0028270,47
00-0028274,61
00-0028278,56
00-0028279,95
00-0028284,48
00-0028286,0
00-0028287,47
00-0028288,0
00-0028291,45
00-0028292,57
00-0028293,0
00-0028295,85
00-0028307,19
00-0028309,57
00-0028311,93
00-0028332,67
00-0028334,26
00-0028337,86
00-0028338,89
00-0028339,97
00-0028344,49
00-0028345,0
00-0028347,4
00-0028349,96
00-0028352,11
00-0028353,87
00-0028354,49
00-0028357,49
00-0028362,14
00-0028368,56
00-0028373,36
00-0028381,38
00-0028394,44
00-0028400,0
00-0028401,65
00-0028406,87
00-0028409,32
00-0028410,0
00-0028411,80
00-0028413,59
00-0028414,56
00-0028416,39
00-0028417,0
00-0028420,22
00-0028424,91
00-0028427,8
00-0028434,89
00-0028441,39
00-0028442,83
00-0028443,57
00-0028445,38
00-0028451,87
00-0028454,55
00-0028458,58
00-0028479,95
00-0028486,47
00-0028488,30
00-0028492,45
00-0028493,21
00-0028495,72
00-0028496,57
00-0028497,81
00-0028509,80
00-0028522,81
00-0028532,16
00-0028533,0
00-0028536,50
00-0028540,2
00-0028542,18
00-0028543,88
00-0028550,87
00-0028555,58
00-0028564,24
00-0028565,25
00-0028571,30
00-0028574,32
00-0028575,97
00-0028581,42
00-0028586,75
00-0028595,16
00-0028596,0
00-0028598,43
00-0028600,54
00-0028601,27
00-0028602,33
00-0028605,0
00-0028606,0
00-0028613,48
00-0028614,55
00-0028620,44
00-0028625,6
00-0028631,39
00-0028646,6
00-0028650,35
00-0028651,82
00-0028653,54
00-0028660,5
00-0028662,39
00-0028664,6
00-0028665,60
00-0028666,0
00-0028678,0
00-0028679,54
00-0028694,31
00-0028695,0
00-0028698,53
00-0028702,13
00-0028706,0
00-0028707,73
00-0028722,93
00-0028736,0
00-0028738,74
00-0028742,53
00-0028746,86
00-0028767,24
00-0028787,0
00-0028792,0
00-0028795,34
00-0028824,35
00-0028825,10
00-0028830,0
00-0028834,52
00-0028835,0
00-0028836,57
00-0028838,84
00-0028841,46
00-0028842,82
00-0028845,47
00-0028846,25
00-0028862,79
00-0028863,0
00-0028870,0
00-0028871,30
00-0028872,6
00-0028876,39
00-0028878,71
00-0028892,0
00-0028895,26
00-0028897,9
00-0028899,12
00-0028903,88
00-0028905,17
00-0028906,0
00-0028907,0
00-0028908,31
00-0028912,55
00-0028930,88
00-0028932,3
00-0028941,59
00-0028942,29
00-0028943,58
00-0028946,46
00-0028952,2
00-0028954,20
00-0028957,12
00-0028958,46
00-0028961,0
00-0028970,20
00-0028978,0
00-0028979,0
00-0028984,84
00-0028986,11
00-0028987,89
00-0028994,85
00-0028995,87
00-0028996,0
00-0028998,70
00-0029000,9
00-0029004,25
00-0029005,69
00-0029006,26
00-0029007,95
00-0029008,47
00-0029010,65
00-0029030,31
00-0029033,14
00-0029038,47
00-0029040,98
00-0029048,22
00-0029050,47
00-0029051,11
00-0029052,60
00-0029053,56
00-0029055,18
00-0029058,62
00-0029060,50
00-0029065,29
00-0029066,60
00-0029067,91
00-0029068,32
00-0029076,68
00-0029087,27
00-0029091,85
00-0029098,0
00-0029104,34
00-0029107,33
00-0029108,0
00-0029111,90
00-0029112,93
00-0029118,58
00-0029119,85
00-0029123,1
00-0029127,76
00-0029129,13
00-0029130,54
00-0029134,44
00-0029137,17
00-0029138,66
00-0029139,72
00-0029140,0
00-0029141,41
00-0029142,27
00-0029143,20
00-0029144,69
00-0029145,34
00-0029146,64
00-0029151,4
00-0029155,0
00-0029159,18
00-0029164,75
00-0029165,63
00-0029166,71
00-0029168,67
00-0029170,48
00-0029175,81
00-0029177,0
00-0029183,88
00-0029187,62
00-0029191,26
00-0029195,0
00-0029201,28
00-0029202,76
00-0029203,63
00-0029204,0
00-0029205,38
00-0029208,91
00-0029209,84
00-0029210,97
00-0029211,22
00-0029212,35
00-0029213,0
00-0029214,0
00-0029215,43
00-0029216,36
00-0029217,50
00-0029218,0
00-0029220,37
00-0029227,83
00-0029234,0
00-0029239,34
00-0029240,0
00-0029241,94
00-0029248,59
00-0029250,58
00-0029251,22
00-0029252,91
00-0029253,71
00-0029254,65
00-0029255,54
00-0029256,98
00-0029257,56
00-0029258,91
00-0029259,70
00-0029260,27
00-0029261,29
00-0029262,82
00-0029263,3
00-0029264,30
00-0029265,41
00-0029266,92
00-0029267,28
00-0029268,75
00-0029269,17
00-0029270,90
00-0029271,15
00-0029272,53
00-0029273,34
00-0029274,0
00-0029275,89
00-0029276,86
00-0029277,96
00-0029278,73
00-0029279,56
00-0029280,33
00-0029281,81
00-0029282,33
00-0029283,75
00-0029284,76
00-0029285,29
00-0029287,59
00-0029288,63
00-0029289,56
00-0029291,0
00-0029292,53
00-0029293,0
00-0029294,30
00-0029295,20
00-0029297,34
00-0029298,32
00-0029299,0
00-0029300,13
00-0029302,71
00-0029303,93
00-0029304,3
00-0029305,37
00-0029308,83
00-0029309,93
00-0029310,57
00-0029311,88
00-0029312,78
00-0029314,31
00-0029315,0
00-0029316,68
00-0029317,0
00-0029318,1
00-0029319,15
00-0029324,31
00-0029329,23
00-0029332,0
00-0029336,83
00-0029343,86
00-0029349,0
00-0029357,48
00-0029358,45
00-0029367,0
00-0029372,31
00-0029378,70
00-0029384,31
00-0029388,10
00-0029390,99
00-0029391,84
00-0029394,11
00-0029400,78
00-0029401,0
00-0029407,33
00-0029408,53
00-0029409,0
00-0029410,32
00-0029411,66
00-0029412,99
00-0029413,60
00-0029414,82
00-0029415,19
00-0029416,35
00-0029417,93
00-0029418,0
00-0029419,68
00-0029420,33
00-0029421,46
00-0029422,35
00-0029423,26
00-0029424,0
00-0029428,51
00-0029429,36
00-0029430,79
00-0029431,0
00-0029432,48
00-0029435,14
00-0029438,22
00-0029440,44
00-0029441,27
00-0029457,79
00-0029463,10
00-0029479,57
00-0029491,0
00-0029492,49
00-0029493,4
00-0029494,0
00-0029508,93
00-0029510,41
00-0029511,0
00-0029520,35
00-0029524,79
00-0029525,28
00-0029527,76
00-0029528,70
00-0029529,37
00-0029530,20
00-0029531,3
00-0029534,0
00-0029542,23
00-0029543,71
00-0029544,93
00-0029545,57
00-0029546,68
00-0029547,26
00-0029548,15
00-0029551,76
00-0029552,80
00-0029553,39
00-0029559,98
00-0029560,20
00-0029561,77
00-0029562,54
00-0029563,31
00-0029566,52
00-0029567,9
00-0029568,97
00-0029570,43
00-0029571,90
00-0029572,13
00-0029574,96
00-0029575,36
00-0029576,0
00-0029577,59
00-0029578,57
00-0029580,82
00-0029585,55
00-0029586,95
00-0029587,85
00-0029588,36
00-0029589,54
00-0029590,84
00-0029592,70
00-0029593,75
00-0029594,51
00-0029596,37
00-0029597,9
00-0029600,50
00-0029601,82
00-0029604,8
00-0029607,56
00-0029608,13
00-0029610,37
00-0029612,38
00-0029613,28
00-0029614,13
00-0029615,0
00-0029616,69
00-0029617,94
00-0029619,46
00-0029620,54
00-0029621,9
00-0029622,61
00-0029623,0
00-0029626,22
00-0029627,94
00-0029628,68
00-0029629,45
00-0029630,90
00-0029631,56
00-0029632,6
00-0029634,84
00-0029638,17
00-0029639,30
00-0029640,83
00-0029641,98
00-0029642,89
00-0029643,50
00-0029645,47
00-0029646,92
00-0029647,58
00-0029649,58
00-0029653,91
00-0029654,15
00-0029657,96
00-0029658,30
00-0029660,17
00-0029661,61
00-0029662,71
00-0029664,19
00-0029665,3
00-0029666,61
00-0029667,81
00-0029668,12
00-0029669,54
00-0029670,42
00-0029672,74
00-0029673,11
00-0029675,34
00-0029676,20
00-0029677,3
00-0029678,66
00-0029679,79
00-0029681,20
00-0029682,8
00-0029683,36
00-0029684,98
00-0029685,70
00-0029687,75
00-0029688,95
00-0029689,83
00-0029690,0
00-0029691,29
00-0029692,5
00-0029693,54
00-0029694,0
00-0029696,31
00-0029697,82
00-0029699,62
00-0029701,17
00-0029702,0
00-0029707,14
00-0029708,12
00-0029714,42
00-0029722,0
00-0029729,0
00-0029731,43
00-0029735,0
00-0029738,88
00-0029739,10
00-0029740,80
00-0029744,57
00-0029747,31
00-0029754,42
00-0029755,0
00-0029756,63
00-0029762,75
00-0029764,22
00-0029770,54
00-0029778,13
00-0029779,75
00-0029786,73
00-0029791,0
00-0029792,58
00-0029793,85
00-0029794,53
00-0029795,30
00-0029799,55
00-0029815,0
00-0029821,77
00-0029822,17
00-0029825,27
00-0029844,57
00-0029848,15
00-0029853,31
00-0029854,26
00-0029856,81
00-0029857,4
00-0029867,71
00-0029868,0
00-0029869,57
00-0029876,38
00-0029878,48
00-0029879,47
00-0029882,0
00-0029883,0
00-0029886,74
00-0029888,23
00-0029889,63
00-0029890,98
00-0029891,0
00-0029892,44
00-0029893,71
00-0029894,0
00-0029895,66
00-0029898,0
00-0029901,29
00-0029910,83
00-0029927,49
00-0029931,42
00-0029934,0
00-0029940,77
00-0029942,20
00-0029945,71
00-0029946,95
00-0029955,0
00-0029958,30
00-0029967,67
00-0029972,64
00-0029974,38
00-0029975,32
00-0029984,6
00-0029987,36
00-0029992,64
00-0029999,44
00-0030000,10
00-0030001,0
00-0030010,51
00-0030011,68
00-0030020,31
00-0030023,37
00-0030024,0
00-0030027,0
00-0030032,47
00-0030033,57
00-0030039,30
00-0030041,1
00-0030043,16
00-0030046,79
00-0030047,10
00-0030048,90
00-0030049,87
00-0030050,41
00-0030052,48
00-0030059,94
00-0030060,24
00-0030063,97
00-0030064,59
00-0030065,67
00-0030066,65
00-0030067,72
00-0030068,3
00-0030069,0
00-0030070,94
00-0030071,69
00-0030072,93
00-0030073,31
00-0030074,69
00-0030075,62
00-0030076,64
00-0030077,13
00-0030078,23
00-0030079,97
00-0030080,0
00-0030082,97
00-0030083,76
00-0030084,36
00-0030085,12
00-0030086,0
00-0030087,30
00-0030088,91
00-0030089,82
00-0030091,12
00-0030092,6
00-0030093,93
00-0030094,62
00-0030095,11
00-0030097,68
00-0030098,7
00-0030100,55
00-0030101,0
00-0030102,57
00-0030104,50
00-0030106,93
00-0030107,35
00-0030108,84
00-0030109,53
00-0030110,85
00-0030112,0
00-0030113,12
00-0030114,21
00-0030115,62
00-0030116,13
00-0030117,33
00-0030118,57
00-0030119,97
00-0030120,0
00-0030121,95
00-0030122,0
00-0030126,60
00-0030127,21
00-0030128,29
00-0030129,0
00-0030131,55
00-0030132,90
00-0030134,32
00-0030140,10
00-0030141,41
00-0030142,9
00-0030143,0
00-0030147,81
00-0030148,0
00-0030149,64
00-0030151,0
00-0030154,85
00-0030155,86
00-0030160,95
00-0030161,22
00-0030162,0
00-0030164,0
00-0030166,0
00-0030170,45
00-0030171,0
00-0030175,18
00-0030181,84
00-0030187,0
00-0030194,23
00-0030196,38
00-0030197,40
00-0030198,53
00-0030200,53
00-0030207,78
00-0030208,79
00-0030210,55
00-0030215,97
00-0030216,89
00-0030217,63
00-0030219,52
00-0030222,51
00-0030224,30
00-0030225,58
00-0030228,24
00-0030231,58
00-0030233,37
00-0030235,54
00-0030236,28
00-0030241,0
00-0030245,29
00-0030246,57
00-0030247,44
00-0030248,41
00-0030251,50
00-0030254,38
00-0030258,63
00-0030259,0
00-0030263,38
00-0030268,67
00-0030272,0
00-0030273,65
00-0030274,0
00-0030275,20
00-0030277,0
00-0030278,51
00-0030279,10
00-0030280,34
00-0030282,30
00-0030283,21
00-0030284,51
00-0030286,58
00-0030287,38
00-0030288,28
00-0030289,30
00-0030290,17
00-0030294,23
00-0030300,0
00-0030309,54
00-0030312,41
00-0030317,36
00-0030318,0
00-0030320,34
00-0030322,29
00-0030326,40
00-0030348,31
00-0030368,0
00-0030370,0
00-0030371,58
00-0030380,10
00-0030382,51
00-0030384,44
00-0030385,51
00-0030386,92
00-0030387,60
00-0030388,21
00-0030390,6
00-0030391,39
00-0030392,56
00-0030395,20
00-0030396,50
00-0030400,81
00-0030401,0
00-0030402,55
00-0030403,23
00-0030404,0
00-0030405,18
00-0030410,4
00-0030412,38
00-0030413,54
00-0030414,0
00-0030419,11
00-0030420,38
00-0030421,58
00-0030422,88
00-0030423,43
00-0030424,54
00-0030425,0
00-0030426,90
00-0030427,36
00-0030428,22
00-0030431,2
00-0030432,38
00-0030433,25
00-0030434,98
00-0030435,37
00-0030441,69
00-0030442,0
00-0030443,85
00-0030448,99
00-0030449,76
00-0030450,11
00-0030451,25
00-0030455,98
00-0030456,25
00-0030457,92
00-0030458,44
00-0030459,32
00-0030460,80
00-0030462,26
00-0030465,38
00-0030466,15
00-0030467,0
00-0030468,95
00-0030469,33
00-0030470,89
00-0030471,36
00-0030472,81
00-0030474,0
00-0030475,99
00-0030476,72
00-0030484,47
00-0030485,27
00-0030486,63
00-0030487,29
00-0030488,92
00-0030489,36
00-0030490,61
00-0030491,24
00-0030496,6
00-0030499,95
00-0030500,95
00-0030502,52
00-0030503,97
00-0030504,70
00-0030506,87
00-0030507,96
00-0030508,48
00-0030511,98
00-0030512,0
00-0030513,28
00-0030514,81
00-0030515,91
00-0030516,14
00-0030517,47
00-0030518,44
00-0030519,31
00-0030520,16
00-0030521,11
00-0030522,0
00-0030523,38
00-0030524,2
00-0030525,86
00-0030526,3
00-0030527,44
00-0030528,23
00-0030529,54
00-0030530,22
00-0030531,63
00-0030532,12
00-0030535,0
00-0030536,30
00-0030538,32
00-0030539,36
00-0030540,17
00-0030541,36
00-0030542,83
00-0030543,0
00-0030544,89
00-0030545,78
00-0030546,72
00-0030547,16
00-0030548,25
00-0030549,88
00-0030550,18
00-0030551,6
00-0030553,97
00-0030555,96
00-0030556,35
00-0030557,45
00-0030558,50
00-0030559,33
00-0030561,65
00-0030562,10
00-0030563,92
00-0030564,10
00-0030565,7
00-0030566,0
00-0030569,12
00-0030572,14
00-0030573,90
00-0030574,73
00-0030576,95
00-0030577,73
00-0030578,84
00-0030579,75
00-0030583,56
00-0030584,79
00-0030585,67
00-0030586,4
00-0030590,70
00-0030592,27
00-0030593,65
00-0030615,41
00-0030621,70
00-0030626,7
00-0030629,68
00-0030634,51
00-0030640,46
00-0030644,35
00-0030647,82
00-0030648,78
00-0030650,41
00-0030652,73
00-0030653,0
00-0030656,20
00-0030659,0
00-0030661,8
00-0030665,25
00-0030668,30
00-0030669,25
00-0030670,16
00-0030671,89
00-0030675,25
00-0030677,0
00-0030682,37
00-0030687,45
00-0030691,17
00-0030694,74
00-0030695,25
00-0030697,61
00-0030699,30
00-0030700,54
00-0030705,40
00-0030706,68
00-0030710,80
00-0030711,32
00-0030722,0
00-0030725,71
00-0030730,39
00-0030737,16
00-0030740,33
00-0030741,45
00-0030743,0
00-0030750,0
00-0030752,45
00-0030757,69
00-0030758,0
00-0030761,45
00-0030767,0
00-0030768,0
00-0030769,34
00-0030770,50
00-0030771,53
00-0030775,0
00-0030776,72
00-0030780,45
00-0030781,66
00-0030785,49
00-0030789,26
00-0030792,67
00-0030801,16
00-0030802,37
00-0030805,0
00-0030806,85
00-0030807,0
00-0030813,96
00-0030814,42
00-0030821,8
00-0030822,0
00-0030824,20
00-0030828,0
00-0030832,45
00-0030833,0
00-0030839,11
00-0030850,0
00-0030853,23
00-0030854,0
00-0030855,37
00-0030856,12
00-0030860,26
00-0030864,96
00-0030865,0
00-0030869,69
00-0030871,0
00-0030874,29
00-0030881,57
00-0030883,69
00-0030887,65
00-0030889,0
00-0030892,0
00-0030896,7
00-0030897,0
00-0030899,76
00-0030908,33
00-0030917,43
00-0030920,81
00-0030921,95
00-0030923,74
00-0030937,67
00-0030954,0
00-0030957,59
00-0030963,38
00-0030968,40
00-0030975,0
00-0030982,39
00-0030985,42
00-0030986,0
00-0030990,15
00-0030991,65
00-0030992,80
00-0030993,59
00-0030994,90
00-0030995,91
00-0030996,64
00-0030997,73
00-0030999,0
00-0031000,0
00-0031001,83
00-0031006,0
00-0031008,32
00-0031015,29
00-0031016,43
00-0031017,78
00-0031018,59
00-0031019,63
00-0031020,20
00-0031021,10
00-0031022,72
00-0031023,81
00-0031024,75
00-0031025,10
00-0031026,49
00-0031028,67
00-0031029,76
00-0031031,76
00-0031035,85
00-0031039,65
00-0031040,52
00-0031041,23
00-0031042,88
00-0031043,95
00-0031044,87
00-0031045,24
00-0031046,75
00-0031047,61
00-0031048,93
00-0031050,96
00-0031051,89
00-0031052,0
00-0031053,0
00-0031055,44
00-0031057,25
00-0031058,0
00-0031059,20
00-0031060,16
00-0031061,27
00-0031062,28
00-0031063,0
00-0031064,5
00-0031065,0
00-0031066,34
00-0031067,73
00-0031068,11
00-0031070,31
00-0031071,0
00-0031072,40
00-0031073,59
00-0031074,97
00-0031075,23
00-0031076,3
00-0031079,39
00-0031080,39
00-0031081,56
00-0031083,54
00-0031084,47
00-0031085,45
00-0031087,29
00-0031089,91
00-0031090,25
00-0031091,0
00-0031092,2
00-0031093,3
00-0031095,72
00-0031096,26
00-0031098,39
00-0031101,58
00-0031102,22
00-0031103,98
00-0031105,0
00-0031112,5
00-0031116,38
00-0031118,10
00-0031119,0
00-0031120,57
00-0031122,68
00-0031123,24
00-0031127,92
00-0031128,72
00-0031130,48
00-0031134,96
00-0031135,0
00-0031136,9
00-0031138,53
00-0031140,0
00-0031142,71
00-0031151,31
00-0031152,0
00-0031155,46
00-0031156,69
00-0031158,0
00-0031161,59
00-0031166,0
00-0031167,82
00-0031170,77
00-0031171,59
00-0031172,95
00-0031173,27
00-0031174,66
00-0031175,49
00-0031176,21
00-0031177,97
00-0031178,53
00-0031179,77
00-0031181,37
00-0031182,66
00-0031185,0
00-0031186,25
00-0031187,0
00-0031188,39
00-0031189,80
00-0031191,69
00-0031192,35
00-0031193,75
00-0031196,52
00-0031203,8
00-0031208,76
00-0031209,20
00-0031218,21
00-0031223,97
00-0031225,0
00-0031227,54
00-0031228,18
00-0031229,0
00-0031232,0
00-0031235,13
00-0031237,10
00-0031238,58
00-0031239,38
00-0031240,58
00-0031242,99
00-0031243,0
00-0031244,0
00-0031245,66
00-0031253,8
00-0031254,96
00-0031255,95
00-0031256,54
00-0031257,10
00-0031259,34
00-0031260,82
00-0031261,33
00-0031262,37
00-0031263,0
00-0031264,92
00-0031265,97
00-0031266,18
00-0031267,38
00-0031268,0
00-0031269,27
00-0031270,93
00-0031272,31
00-0031273,84
00-0031276,23
00-0031277,32
00-0031279,70
00-0031280,4
00-0031281,90
00-0031282,68
00-0031283,95
00-0031284,66
00-0031285,34
00-0031288,4
00-0031290,46
00-0031291,17
00-0031296,57
00-0031297,55
00-0031298,20
00-0031299,81
00-0031300,93
00-0031301,33
00-0031302,87
00-0031303,50
00-0031304,0
00-0031306,60
00-0031307,35
00-0031308,57
00-0031309,50
00-0031310,81
00-0031311,0
00-0031312,39
00-0031313,52
00-0031314,73
00-0031315,83
00-0031317,78
00-0031319,18
00-0031320,0
00-0031325,82
00-0031326,12
00-0031327,83
00-0031328,25
00-0031330,76
00-0031331,29
00-0031332,33
00-0031333,32
00-0031335,79
00-0031336,96
00-0031337,68
00-0031338,8
00-0031339,14
00-0031343,29
00-0031344,12
00-0031345,11
00-0031347,39
00-0031348,53
00-0031349,61
00-0031350,56
00-0031352,0
00-0031354,49
00-0031357,29
00-0031359,81
00-0031361,55
00-0031362,59
00-0031363,10
00-0031364,90
00-0031365,50
00-0031366,41
00-0031367,69
00-0031369,65
00-0031371,58
00-0031372,33
00-0031375,28
00-0031376,1
00-0031380,0
00-0031381,17
00-0031382,80
00-0031383,0
00-0031384,82
00-0031385,6
00-0031386,78
00-0031387,85
00-0031388,99
00-0031389,29
00-0031390,34
00-0031391,27
00-0031392,0
00-0031393,41
00-0031394,28
00-0031395,19
00-0031397,25
00-0031399,74
00-0031402,70
00-0031403,90
00-0031404,21
00-0031407,0
00-0031408,5
00-0031409,2
00-0031410,72
00-0031411,0
00-0031412,91
00-0031413,43
00-0031414,34
00-0031417,71
00-0031418,88
00-0031420,1
00-0031425,91
00-0031426,75
00-0031427,40
00-0031428,8
00-0031431,11
00-0031433,54
00-0031438,24
00-0031442,77
00-0031450,40
00-0031459,28
00-0031462,83
00-0031467,96
00-0031474,40
00-0031480,47
00-0031484,85
00-0031489,61
00-0031491,52
00-0031492,5
00-0031493,38
00-0031500,97
00-0031503,19
00-0031511,0
00-0031512,35
00-0031514,0
00-0031521,20
00-0031526,38
00-0031531,34
00-0031533,86
00-0031542,0
00-0031544,18
00-0031545,17
00-0031546,26
00-0031547,1
00-0031548,28
00-0031549,15
00-0031550,54
00-0031551,97
00-0031552,32
00-0031553,49
00-0031556,59
00-0031557,52
00-0031558,87
00-0031559,0
00-0031560,10
00-0031561,65
00-0031562,58
00-0031564,55
00-0031565,55
00-0031566,58
00-0031567,75
00-0031568,14
00-0031569,43
00-0031570,14
00-0031571,26
00-0031572,79
00-0031573,63
00-0031574,62
00-0031575,64
00-0031576,53
00-0031577,37
00-0031578,47
00-0031580,69
00-0031581,66
00-0031582,25
00-0031583,50
00-0031584,34
00-0031585,81
00-0031586,0
00-0031587,48
00-0031588,3
00-0031589,5
00-0031590,28
00-0031592,95
00-0031594,24
00-0031595,34
00-0031596,51
00-0031597,5
00-0031599,34
00-0031600,12
00-0031607,95
00-0031609,85
00-0031610,88
00-0031611,34
00-0031612,22
00-0031614,57
00-0031619,96
00-0031620,0
00-0031621,76
00-0031624,48
00-0031626,68
00-0031627,79
00-0031628,34
00-0031629,36
00-0031630,0
00-0031632,71
00-0031636,74
00-0031642,59
00-0031656,2
00-0031657,38
00-0031661,0
00-0031665,22
00-0031676,94
00-0031680,39
00-0031682,28
00-0031684,0
00-0031687,31
00-0031688,0
00-0031690,83
00-0031696,50
00-0031697,87
00-0031700,35
00-0031702,59
00-0031704,53
00-0031706,47
00-0031707,50
00-0031713,69
00-0031716,4
00-0031718,3
00-0031719,45
00-0031728,56
00-0031729,58
00-0031731,30
00-0031732,89
00-0031733,30
00-0031734,62
00-0031738,47
00-0031740,47
00-0031743,31
00-0031744,83
00-0031746,39
00-0031757,82
00-0031762,45
00-0031763,2
00-0031765,62
00-0031768,25
00-0031779,67
00-0031782,17
00-0031787,15
00-0031788,86
00-0031791,52
00-0031793,0
00-0031795,75
00-0031796,28
00-0031800,8
00-0031801,0
00-0031806,41
00-0031814,96
00-0031815,52
00-0031816,0
00-0031818,12
00-0031821,63
00-0031826,0
00-0031829,23
00-0031830,0
00-0031834,18
00-0031838,93
00-0031843,92
00-0031844,22
00-0031847,49
00-0031852,60
00-0031854,14
00-0031856,36
00-0031857,24
00-0031861,0
00-0031862,49
00-0031866,40
00-0031870,20
00-0031876,0
00-0031878,31
00-0031884,85
00-0031886,37
00-0031888,96
00-0031890,46
00-0031895,20
00-0031897,31
00-0031898,49
00-0031900,41
00-0031902,55
00-0031904,23
00-0031907,39
00-0031911,41
00-0031912,1
00-0031914,93
00-0031915,53
00-0031917,40
00-0031919,23
00-0031921,70
00-0031922,0
00-0031923,62
00-0031928,62
00-0031929,53
00-0031930,48
00-0031932,0
00-0031933,99
00-0031934,0
00-0031935,52
00-0031936,65
00-0031937,23
00-0031938,91
00-0031939,34
00-0031940,75
00-0031941,80
00-0031942,60
00-0031943,52
00-0031945,47
00-0031947,90
00-0031948,95
00-0031949,27
00-0031950,57
00-0031951,80
00-0031952,30
00-0031953,11
00-0031954,85
00-0031955,0
00-0031956,91
00-0031957,56
00-0031958,61
00-0031959,45
00-0031961,53
00-0031962,0
00-0031968,0
00-0031972,15
00-0031981,76
00-0031982,75
00-0031989,0
00-0031991,0
00-0031994,55
00-0031997,79
00-0031999,0
00-0032001,83
00-0032004,0
00-0032007,0
00-0032008,17
00-0032009,13
00-0032012,15
00-0032014,30
00-0032024,0
00-0032032,0
00-0032034,0
00-0032041,0
00-0032042,0
00-0032043,67
00-0032044,0
00-0032045,0
00-0032048,0
00-0032050,36
00-0032052,56
00-0032053,68
00-0032054,16
00-0032055,0
00-0032056,44
00-0032057,3
00-0032058,28
00-0032059,26
00-0032060,57
00-0032061,75
00-0032062,81
00-0032063,28
00-0032064,18
00-0032065,48
00-0032068,46
00-0032069,36
00-0032070,13
00-0032071,77
00-0032078,65
00-0032081,49
00-0032084,58
00-0032087,4
00-0032089,89
00-0032094,59
00-0032098,87
00-0032102,0
00-0032103,6
00-0032104,20
00-0032106,49
00-0032107,90
00-0032108,23
00-0032110,56
00-0032112,15
00-0032114,53
00-0032115,15
00-0032116,96
00-0032117,84
00-0032118,69
00-0032120,85
00-0032122,47
00-0032123,0
00-0032127,44
00-0032128,18
00-0032129,58
00-0032130,40
00-0032131,95
00-0032132,73
00-0032133,0
00-0032134,47
00-0032136,31
00-0032137,38
00-0032138,0
00-0032139,83
00-0032141,87
00-0032143,71
00-0032144,33
00-0032146,48
00-0032147,70
00-0032149,67
00-0032151,55
00-0032152,0
00-0032154,93
00-0032156,15
00-0032157,0
00-0032160,6
00-0032164,91
00-0032165,24
00-0032166,18
00-0032167,47
00-0032168,27
00-0032170,13
00-0032171,50
00-0032181,96
00-0032187,31
00-0032188,83
00-0032189,50
00-0032190,87
00-0032192,52
00-0032195,25
00-0032196,74
00-0032197,5
00-0032198,0
00-0032200,14
00-0032201,50
00-0032203,71
00-0032204,74
00-0032205,58
00-0032208,13
00-0032209,22
00-0032210,57
00-0032211,17
00-0032212,23
00-0032214,48
00-0032217,79
00-0032218,18
00-0032221,56
00-0032222,72
00-0032227,82
00-0032228,49
00-0032239,24
00-0032240,51
00-0032241,21
00-0032242,79
00-0032243,74
00-0032244,0
00-0032246,78
00-0032247,78
00-0032248,58
00-0032250,0
00-0032251,0
00-0032255,60
00-0032256,87
00-0032257,22
00-0032259,79
00-0032261,98
00-0032262,26
00-0032263,74
00-0032265,97
00-0032268,8
00-0032269,94
00-0032271,20
00-0032273,38
00-0032284,66
00-0032290,0
00-0032298,48
00-0032319,48
00-0032320,35
00-0032322,0
00-0032350,0
00-0032353,35
00-0032354,53
00-0032355,83
00-0032361,92
00-0032362,13
00-0032365,0
00-0032366,44
00-0032369,90
00-0032371,20
00-0032375,40
00-0032377,36
00-0032378,99
00-0032380,78
00-0032381,68
00-0032382,31
00-0032383,78
00-0032384,62
00-0032386,55
00-0032387,90
00-0032388,45
00-0032389,34
00-0032390,39
00-0032391,62
00-0032392,81
00-0032393,0
00-0032395,60
00-0032396,96
00-0032397,63
00-0032398,17
00-0032399,29
00-0032400,19
00-0032401,59
00-0032402,97
00-0032403,31
00-0032404,32
00-0032406,44
00-0032407,71
00-0032408,40
00-0032409,77
00-0032410,28
00-0032411,30
00-0032412,94
00-0032413,54
00-0032414,74
00-0032416,79
00-0032417,0
00-0032418,66
00-0032419,59
00-0032420,72
00-0032421,0
00-0032422,40
00-0032423,0
00-0032424,98
00-0032425,0
00-0032426,41
00-0032428,0
00-0032429,0
00-0032430,89
00-0032431,5
00-0032432,71
00-0032433,0
00-0032434,10
00-0032435,0
00-0032437,54
00-0032438,31
00-0032441,0
00-0032442,52
00-0032445,64
00-0032448,91
00-0032449,10
00-0032450,39
00-0032452,53
00-0032454,1
00-0032455,63
00-0032456,0
00-0032459,0
00-0032462,2
00-0032464,14
00-0032465,21
00-0032466,77
00-0032470,54
00-0032472,38
00-0032475,0
00-0032479,0
00-0032480,66
00-0032482,45
00-0032484,57
00-0032486,57
00-0032497,69
00-0032499,0
00-0032508,0
00-0032515,0
00-0032517,47
00-0032518,96
00-0032520,69
00-0032523,87
00-0032525,30
00-0032529,95
00-0032540,34
00-0032549,64
00-0032552,0
00-0032553,0
00-0032560,28
00-0032562,85
00-0032566,97
00-0032569,3
00-0032571,51
00-0032573,48
00-0032574,58
00-0032577,37
00-0032578,90
00-0032580,31
00-0032581,0
00-0032584,6
00-0032592,0
00-0032593,0
00-0032596,0
00-0032599,0
00-0032602,23
00-0032616,0
00-0032617,38
00-0032621,87
00-0032626,0
00-0032627,57
00-0032628,43
00-0032630,0
00-0032631,43
00-0032633,93
00-0032634,86
00-0032635,0
00-0032636,34
00-0032637,37
00-0032641,21
00-0032643,0
00-0032649,92
00-0032650,82
00-0032652,0
00-0032655,95
00-0032656,80
00-0032659,0
00-0032661,82
00-0032667,95
00-0032669,12
00-0032671,51
00-0032674,50
00-0032676,0
00-0032677,42
00-0032679,19
00-0032688,12
00-0032689,86
00-0032694,0
00-0032697,0
00-0032699,0
00-0032701,64
00-0032705,84
00-0032707,0
00-0032708,58
00-0032710,0
00-0032724,0
00-0032725,40
00-0032726,15
00-0032727,0
00-0032728,0
00-0032729,0
00-0032730,0
00-0032734,57
00-0032739,82
00-0032740,44
00-0032741,31
00-0032745,45
00-0032749,39
00-0032750,75
00-0032751,58
00-0032753,46
00-0032756,71
00-0032758,29
00-0032759,98
00-0032760,0
00-0032761,92
00-0032762,95
00-0032763,93
00-0032764,22
00-0032765,13
00-0032766,69
00-0032767,21
00-0032768,65
00-0032769,0
00-0032770,25
00-0032771,65
00-0032772,33
00-0032773,53
00-0032774,26
00-0032775,11
00-0032776,36
00-0032777,0
00-0032778,88
00-0032779,65
00-0032780,24
00-0032781,99
00-0032782,34
00-0032783,38
00-0032784,16
00-0032785,72
00-0032786,23
00-0032788,0
00-0032789,51
00-0032790,30
00-0032791,9
00-0032792,10
00-0032793,0
00-0032794,45
00-0032795,0
00-0032796,50
00-0032797,0
00-0032798,48
00-0032799,50
00-0032800,0
00-0032801,0
00-0032804,36
00-0032807,42
00-0032809,59
00-0032810,39
00-0032813,39
00-0032820,6
00-0032827,61
00-0032829,37
00-0032830,42
00-0032835,3
00-0032836,37
00-0032839,11
00-0032841,19
00-0032844,26
00-0032848,28
00-0032851,0
00-0032856,35
00-0032858,49
00-0032859,75
00-0032860,68
00-0032864,0
00-0032871,92
00-0032875,25
00-0032881,85
00-0032883,70
00-0032888,38
00-0032889,91
00-0032890,24
00-0032891,41
00-0032892,52
00-0032893,0
00-0032894,49
00-0032895,57
00-0032896,0
00-0032897,44
00-0032899,74
00-0032902,0
00-0032905,42
00-0032911,0
00-0032916,0
00-0032918,30
00-0032921,0
00-0032922,0
00-0032926,15
00-0032929,0
00-0032931,0
00-0032933,34
00-0032934,34
00-0032935,80
00-0032937,1
00-0032938,75
00-0032939,24
00-0032940,31
00-0032942,29
00-0032943,9
00-0032945,82
00-0032946,22
00-0032950,11
00-0032951,13
00-0032952,52
00-0032954,73
00-0032956,31
00-0032958,39
00-0032959,17
00-0032964,0
00-0032965,79
00-0032969,72
00-0032970,94
00-0032971,31
00-0032972,28
00-0032973,0
00-0032974,84
00-0032976,74
00-0032977,17
00-0032979,0
00-0032980,87
00-0032983,54
00-0032986,86
00-0032987,0
00-0032994,52
00-0032998,50
00-0033001,0
00-0033009,83
00-0033010,98
00-0033021,0
00-0033024,93
00-0033025,30
00-0033037,92
00-0033038,29
00-0033039,63
00-0033040,10
00-0033043,86
00-0033047,35
00-0033048,0
00-0033049,0
00-0033050,4
00-0033051,93
00-0033053,30
00-0033054,80
00-0033055,5
00-0033056,57
00-0033057,78
00-0033058,19
00-0033059,14
00-0033060,88
00-0033063,49
00-0033064,97
00-0033065,73
00-0033066,95
00-0033069,0
00-0033070,23
00-0033072,56
00-0033073,90
00-0033074,92
00-0033075,0
00-0033076,26
00-0033077,4
00-0033079,15
00-0033080,86
00-0033083,23
00-0033085,0
00-0033087,86
00-0033090,85
00-0033091,34
00-0033093,90
00-0033094,0
00-0033095,86
00-0033096,59
00-0033097,0
00-0033098,0
00-0033102,0
00-0033103,23
00-0033104,6
00-0033106,16
00-0033107,17
00-0033108,2
00-0033109,98
00-0033110,89
00-0033111,83
00-0033112,88
00-0033113,59
00-0033117,45
00-0033119,7
00-0033120,97
00-0033121,48
00-0033122,0
00-0033124,22
00-0033125,48
00-0033127,3
00-0033128,48
00-0033129,94
00-0033131,96
00-0033132,31
00-0033138,18
00-0033147,50
00-0033151,63
00-0033156,97
00-0033161,71
00-0033164,35
00-0033185,99
00-0033187,29
00-0033196,45
00-0033199,46
00-0033210,54
00-0033215,15
00-0033217,81
00-0033221,64
00-0033222,33
00-0033234,61
00-0033242,0
00-0033246,83
00-0033251,0
00-0033253,68
00-0033254,63
00-0033256,69
00-0033258,86
00-0033260,42
00-0033266,19
00-0033269,8
00-0033274,46
00-0033277,0
00-0033280,23
00-0033281,44
00-0033282,1
00-0033283,51
00-0033284,72
00-0033285,0
00-0033288,85
00-0033289,26
00-0033290,72
00-0033292,81
00-0033293,33
00-0033294,36
00-0033295,24
00-0033296,40
00-0033297,93
00-0033298,57
00-0033299,31
00-0033300,75
00-0033302,25
00-0033303,7
00-0033304,33
00-0033307,17
00-0033308,31
00-0033315,87
00-0033316,26
00-0033317,62
00-0033319,14
00-0033324,96
00-0033336,55
00-0033337,51
00-0033338,82
00-0033339,0
00-0033344,56
00-0033347,94
00-0033350,44
00-0033352,89
00-0033357,7
00-0033362,0
00-0033364,8
00-0033367,80
00-0033373,0
00-0033374,30
00-0033375,17
00-0033376,45
00-0033379,0
00-0033381,69
00-0033382,80
00-0033384,46
00-0033386,8
00-0033392,56
00-0033399,59
00-0033400,39
00-0033403,59
00-0033405,35
00-0033408,51
00-0033410,0
00-0033413,38
00-0033415,0
00-0033420,0
00-0033421,83
00-0033424,49
00-0033430,30
00-0033434,0
00-0033435,35
00-0033438,0
00-0033439,49
00-0033441,0
00-0033446,60
00-0033447,52
00-0033449,0
00-0033450,56
00-0033452,53
00-0033453,0
00-0033460,83
00-0033462,0
00-0033464,16
00-0033467,34
00-0033468,54
00-0033469,96
00-0033470,34
00-0033471,84
00-0033474,12
00-0033477,45
00-0033481,84
00-0033501,92
00-0033503,27
00-0033511,65
00-0033514,86
00-0033520,34
00-0033523,93
00-0033524,32
00-0033525,46
00-0033526,34
00-0033527,35
00-0033528,87
00-0033529,73
00-0033530,0
00-0033531,0
00-0033532,40
00-0033533,38
00-0033535,0
00-0033536,81
00-0033537,4
00-0033538,72
00-0033539,57
00-0033540,93
00-0033542,77
00-0033543,24
00-0033544,36
00-0033545,36
00-0033546,94
00-0033547,52
00-0033548,3
00-0033549,45
00-0033550,12
00-0033551,29
00-0033552,0
00-0033553,6
00-0033554,37
00-0033555,13
00-0033559,80
00-0033560,50
00-0033562,15
00-0033563,96
00-0033564,80
00-0033567,35
00-0033568,27
00-0033569,66
00-0033571,58
00-0033572,14
00-0033573,0
00-0033574,93
00-0033575,0
00-0033576,81
00-0033577,59
00-0033578,71
00-0033579,32
00-0033580,51
00-0033581,0
00-0033582,99
00-0033584,0
00-0033587,0
00-0033588,96
00-0033589,83
00-0033590,66
00-0033591,85
00-0033594,32
00-0033595,95
00-0033596,30
00-0033597,6
00-0033598,51
00-0033604,0
00-0033606,50
00-0033608,37
00-0033611,83
00-0033614,65
00-0033627,81
00-0033631,73
00-0033633,87
00-0033635,54
00-0033642,53
00-0033649,46
00-0033658,89
00-0033659,52
00-0033661,66
00-0033662,13
00-0033668,0
00-0033671,38
00-0033675,35
00-0033676,65
00-0033678,52
00-0033681,84
00-0033693,0
00-0033696,80
00-0033697,43
00-0033700,57
00-0033702,37
00-0033704,59
00-0033705,0
00-0033716,48
00-0033717,0
00-0033719,43
00-0033720,86
00-0033725,23
00-0033729,19
00-0033731,37
00-0033734,33
00-0033738,41
00-0033742,0
00-0033744,75
00-0033746,58
00-0033748,38
00-0033752,77
00-0033757,85
00-0033758,95
00-0033760,0
00-0033763,0
00-0033765,55
00-0033771,94
00-0033773,0
00-0033776,0
00-0033779,0
00-0033783,4
00-0033785,72
00-0033786,95
00-0033787,4
00-0033789,22
00-0033790,50
00-0033792,20
00-0033793,62
00-0033796,42
00-0033798,47
00-0033819,27
00-0033826,43
00-0033831,71
00-0033838,33
00-0033839,12
00-0033840,0
00-0033841,53
00-0033845,0
00-0033855,2
00-0033856,5
00-0033857,9
00-0033858,18
00-0033859,86
00-0033860,92
00-0033861,34
00-0033862,45
00-0033863,70
00-0033868,95
00-0033869,10
00-0033870,90
00-0033871,84
00-0033872,32
00-0033873,15
00-0033874,2
00-0033875,5
00-0033876,97
00-0033877,24
00-0033878,8
00-0033879,83
00-0033881,1
00-0033882,22
00-0033883,40
00-0033884,27
00-0033885,83
00-0033886,90
00-0033887,56
00-0033888,71
00-0033889,68
00-0033890,3
00-0033891,17
00-0033893,20
00-0033895,14
00-0033896,80
00-0033897,28
00-0033898,30
00-0033899,0
00-0033900,22
00-0033901,77
00-0033902,58
00-0033903,42
00-0033904,73
00-0033905,99
00-0033906,41
00-0033907,98
00-0033908,10
00-0033909,60
00-0033910,65
00-0033911,10
00-0033914,34
00-0033915,0
00-0033916,0
00-0033917,57
00-0033918,24
00-0033921,14
00-0033923,29
00-0033924,95
00-0033925,27
00-0033927,43
00-0033928,2
00-0033929,57
00-0033930,20
00-0033931,42
00-0033932,19
00-0033933,0
00-0033934,92
00-0033935,91
00-0033937,0
00-0033938,51
00-0033939,47
00-0033940,94
00-0033941,20
00-0033943,83
00-0033944,42
00-0033945,52
00-0033947,91
00-0033948,21
00-0033949,11
00-0033950,29
00-0033952,90
00-0033953,0
00-0033954,50
00-0033955,26
00-0033956,52
00-0033957,18
00-0033958,10
00-0033961,49
00-0033962,96
00-0033964,97
00-0033965,0
00-0033968,83
00-0033969,92
00-0033970,0
00-0033973,47
00-0033976,0
00-0033992,34
00-0033994,19
00-0033997,45
00-0033998,96
00-0034011,85
00-0034019,58
00-0034030,58
00-0034034,0
00-0034051,46
00-0034052,13
00-0034054,48
00-0034064,0
00-0034071,36
00-0034077,0
00-0034081,11
00-0034084,32
00-0034088,17
00-0034090,55
00-0034096,4
00-0034101,0
00-0034102,0
00-0034107,0
00-0034109,30
00-0034111,36
00-0034112,51
00-0034114,65
00-0034118,50
00-0034125,91
00-0034130,0
00-0034131,6
00-0034132,13
00-0034139,52
00-0034140,73
00-0034142,63
00-0034145,35
00-0034154,48
00-0034158,75
00-0034159,89
00-0034160,4
00-0034161,10
00-0034162,16
00-0034163,57
00-0034164,23
00-0034167,52
00-0034168,43
00-0034169,85
00-0034173,18
00-0034179,24
00-0034184,4
00-0034185,96
00-0034192,48
00-0034193,86
00-0034198,44
00-0034201,34
00-0034202,0
00-0034203,31
00-0034204,92
00-0034206,0
00-0034207,0
00-0034208,34
00-0034213,0
00-0034215,0
00-0034221,0
00-0034223,0
00-0034234,97
00-0034248,28
00-0034251,96
00-0034253,40
00-0034256,18
00-0034258,84
00-0034259,69
00-0034261,63
00-0034262,96
00-0034263,30
00-0034264,97
00-0034267,12
00-0034268,0
00-0034270,83
00-0034273,0
00-0034274,34
00-0034275,94
00-0034276,38
00-0034277,25
00-0034278,11
00-0034279,13
00-0034281,75
00-0034283,77
00-0034285,92
00-0034286,17
00-0034297,3
00-0034301,24
00-0034302,4
00-0034303,52
00-0034307,0
00-0034309,12
00-0034311,40
00-0034317,18
00-0034319,0
00-0034320,93
00-0034326,52
00-0034331,38
00-0034333,94
00-0034334,30
00-0034335,27
00-0034336,50
00-0034337,30
00-0034341,0
00-0034342,56
00-0034344,52
00-0034345,77
00-0034346,76
00-0034347,78
00-0034348,14
00-0034349,0
00-0034350,7
00-0034351,88
00-0034352,57
00-0034353,6
00-0034354,52
00-0034355,29
00-0034356,26
00-0034358,29
00-0034359,94
00-0034360,0
00-0034361,21
00-0034362,33
00-0034365,80
00-0034366,15
00-0034368,47
00-0034369,17
00-0034370,5
00-0034371,90
00-0034372,51
00-0034373,92
00-0034374,3
00-0034376,3
00-0034377,29
00-0034378,43
00-0034380,76
00-0034381,10
00-0034382,98
00-0034383,86
00-0034384,4
00-0034386,84
00-0034387,92
00-0034388,38
00-0034389,37
00-0034390,65
00-0034391,33
00-0034395,84
00-0034396,40
00-0034397,97
00-0034398,0
00-0034399,75
00-0034400,30
00-0034401,16
00-0034402,53
00-0034404,49
00-0034407,88
00-0034410,0
00-0034411,84
00-0034412,8
00-0034413,23
00-0034414,33
00-0034415,48
00-0034417,76
00-0034418,19
00-0034419,87
00-0034420,48
00-0034421,0
00-0034422,44
00-0034424,49
00-0034426,84
00-0034427,33
00-0034428,48
00-0034429,68
00-0034430,59
00-0034431,44
00-0034432,0
00-0034436,76
00-0034437,9
00-0034439,83
00-0034440,42
00-0034445,63
00-0034446,35
00-0034449,38
00-0034454,0
00-0034457,0
00-0034463,95
00-0034465,39
00-0034468,34
00-0034473,47
00-0034481,39
00-0034485,38
00-0034487,18
00-0034488,37
00-0034489,17
00-0034490,47
00-0034495,63
00-0034496,36
00-0034499,80
00-0034500,58
00-0034502,36
00-0034509,35
00-0034510,82
00-0034511,56
00-0034512,87
00-0034514,39
00-0034516,28
00-0034520,0
00-0034521,10
00-0034523,0
00-0034526,0
00-0034527,23
00-0034532,46
00-0034533,41
00-0034537,47
00-0034539,0
00-0034540,38
00-0034545,31
00-0034548,59
00-0034556,29
00-0034559,96
00-0034560,84
00-0034565,38
00-0034571,73
00-0034573,7
00-0034577,11
00-0034578,38
00-0034586,99
00-0034587,92
00-0034588,93
00-0034590,69
00-0034591,29
00-0034593,14
00-0034594,33
00-0034597,35
00-0034602,57
00-0034603,0
00-0034606,0
00-0034612,91
00-0034613,87
00-0034614,48
00-0034621,0
00-0034626,12
00-0034639,28
00-0034641,0
00-0034646,4
00-0034648,0
00-0034652,16
00-0034653,16
00-0034654,0
00-0034655,57
00-0034657,93
00-0034659,0
00-0034660,80
00-0034662,30
00-0034668,64
00-0034669,14
00-0034672,86
00-0034673,49
00-0034674,55
00-0034675,3
00-0034677,98
00-0034678,65
00-0034679,22
00-0034680,33
00-0034682,92
00-0034684,0
00-0034687,79
00-0034705,19
00-0034710,0
00-0034720,14
00-0034721,13
00-0034723,91
00-0034728,18
00-0034729,72
00-0034731,69
00-0034735,86
00-0034743,43
00-0034744,29
00-0034745,21
00-0034746,97
00-0034747,15
00-0034750,23
00-0034751,26
00-0034752,75
00-0034753,89
00-0034754,42
00-0034755,49
00-0034759,74
00-0034760,93
00-0034763,60
00-0034764,13
00-0034765,10
00-0034766,89
00-0034767,48
00-0034768,79
00-0034769,43
00-0034770,92
00-0034771,2
00-0034772,19
00-0034773,50
00-0034774,0
00-0034775,3
00-0034776,56
00-0034777,9
00-0034778,7
00-0034779,56
00-0034781,44
00-0034782,97
00-0034785,61
00-0034787,49
00-0034788,87
00-0034789,29
00-0034790,3
00-0034791,21
00-0034792,26
00-0034794,19
00-0034796,8
00-0034797,17
00-0034798,80
00-0034799,29
00-0034800,92
00-0034801,46
00-0034802,36
00-0034803,68
00-0034804,55
00-0034805,91
00-0034806,43
00-0034807,59
00-0034809,64
00-0034810,69
00-0034811,59
00-0034812,32
00-0034813,53
00-0034815,54
00-0034816,32
00-0034817,79
00-0034818,92
00-0034824,74
00-0034825,98
00-0034827,2
00-0034828,2
00-0034829,88
00-0034830,88
00-0034831,94
00-0034832,9
00-0034833,77
00-0034834,94
00-0034835,46
00-0034836,71
00-0034837,0
00-0034839,0
00-0034840,0
00-0034842,58
00-0034843,21
00-0034844,26
00-0034845,20
00-0034846,53
00-0034847,69
00-0034848,96
00-0034854,0
00-0034855,6
00-0034856,21
00-0034857,17
00-0034858,48
00-0034860,11
00-0034867,7
00-0034869,14
00-0034874,0
00-0034881,0
00-0034887,42
00-0034902,52
00-0034903,29
00-0034913,0
00-0034917,45
00-0034921,3
00-0034922,13
00-0034929,75
00-0034933,0
00-0034939,92
00-0034944,40
00-0034948,33
00-0034951,74
00-0034956,40
00-0034957,67
00-0034959,47
00-0034960,3
00-0034962,59
00-0034966,37
00-0034967,7
00-0034969,52
00-0034970,83
00-0034972,8
00-0034973,98
00-0034974,20
00-0034975,43
00-0034976,65
00-0034978,74
00-0034979,37
00-0034980,0
00-0034981,87
00-0034982,57
00-0034983,13
00-0034984,96
00-0034986,0
00-0034987,45
00-0034988,48
00-0034989,77
00-0034993,29
00-0034994,72
00-0034995,0
00-0034996,0
00-0035000,56
00-0035003,66
00-0035006,81
00-0035013,28
00-0035016,48
00-0035020,33
00-0035021,16
00-0035022,19
00-0035025,0
00-0035026,90
00-0035039,88
00-0035040,18
00-0035042,12
00-0035044,49
00-0035045,2
00-0035048,52
00-0035061,64
00-0035062,69
00-0035084,77
00-0035085,56
00-0035094,91
00-0035098,29
00-0035100,6
00-0035102,46
00-0035103,50
00-0035104,0
00-0035112,65
00-0035118,42
00-0035120,86
00-0035125,30
00-0035126,13
00-0035127,78
00-0035128,53
00-0035130,37
00-0035133,25
00-0035135,51
00-0035137,0
00-0035141,60
00-0035142,0
00-0035143,55
00-0035144,1
00-0035145,15
00-0035147,24
00-0035148,36
00-0035149,67
00-0035150,17
00-0035155,0
00-0035156,3
00-0035157,42
00-0035161,46
00-0035164,83
00-0035166,0
00-0035172,0
00-0035177,54
00-0035181,9
00-0035187,32
00-0035188,35
00-0035190,6
00-0035192,6
00-0035202,53
00-0035208,14
00-0035215,3
00-0035217,24
00-0035218,41
00-0035223,54
00-0035227,1
00-0035228,1
00-0035229,87
00-0035230,91
00-0035231,94
00-0035232,3
00-0035233,73
00-0035234,71
00-0035235,76
00-0035236,7
00-0035237,71
00-0035238,61
00-0035239,26
00-0035240,31
00-0035241,29
00-0035242,78
00-0035243,24
00-0035244,32
00-0035245,64
00-0035246,82
00-0035248,99
00-0035249,84
00-0035250,26
00-0035251,15
00-0035253,22
00-0035254,98
00-0035255,14
00-0035257,55
00-0035258,72
00-0035260,96
00-0035261,20
00-0035262,23
00-0035263,63
00-0035264,8
00-0035265,79
00-0035266,60
00-0035268,23
00-0035269,14
00-0035272,43
00-0035273,41
00-0035275,0
00-0035276,51
00-0035277,2
00-0035278,55
00-0035279,90
00-0035280,16
00-0035281,0
00-0035286,55
00-0035287,81
00-0035288,0
00-0035289,15
00-0035291,38
00-0035293,37
00-0035294,36
00-0035295,75
00-0035297,84
00-0035298,82
00-0035301,6
00-0035304,36
00-0035306,40
00-0035307,47
00-0035310,27
00-0035311,33
00-0035312,98
00-0035313,14
00-0035316,55
00-0035318,0
00-0035319,49
00-0035320,0
00-0035327,38
00-0035328,69
00-0035329,89
00-0035330,41
00-0035336,68
00-0035339,0
00-0035342,25
00-0035343,93
00-0035345,41
00-0035350,18
00-0035355,72
00-0035356,80
00-0035357,21
00-0035358,4
00-0035359,80
00-0035363,43
00-0035365,27
00-0035370,19
00-0035373,53
00-0035374,17
00-0035375,40
00-0035378,28
00-0035382,71
00-0035383,71
00-0035386,53
00-0035393,37
00-0035401,0
00-0035402,96
00-0035404,96
00-0035407,62
00-0035408,46
00-0035409,96
00-0035412,50
00-0035413,51
00-0035414,4
00-0035415,0
00-0035418,0
00-0035419,0
00-0035422,30
00-0035427,0
00-0035428,0
00-0035432,11
00-0035437,30
00-0035444,51
00-0035448,28
00-0035449,0
00-0035455,94
00-0035457,80
00-0035462,93
00-0035480,86
00-0035485,41
00-0035486,0
00-0035489,49
00-0035499,32
00-0035507,91
00-0035513,94
00-0035518,0
00-0035519,94
00-0035521,50
00-0035525,12
00-0035526,74
00-0035528,95
00-0035529,89
00-0035530,37
00-0035531,56
00-0035533,43
00-0035534,39
00-0035536,61
00-0035537,26
00-0035538,51
00-0035539,0
00-0035544,85
00-0035547,88
00-0035548,0
00-0035549,46
00-0035551,35
00-0035553,0
00-0035557,0
00-0035562,80
00-0035567,24
00-0035572,43
00-0035573,36
00-0035577,6
00-0035579,0
00-0035587,83
00-0035588,67
00-0035590,88
00-0035592,86
00-0035593,9
00-0035594,21
00-0035596,0
00-0035597,15
00-0035600,0
00-0035602,5
00-0035607,93
00-0035609,43
00-0035615,0
00-0035621,83
00-0035623,67
00-0035628,34
00-0035629,73
00-0035630,63
00-0035631,89
00-0035632,37
00-0035633,36
00-0035634,30
00-0035636,91
00-0035637,23
00-0035638,26
00-0035639,80
00-0035640,4
00-0035642,41
00-0035643,98
00-0035644,87
00-0035645,80
00-0035646,40
00-0035647,98
00-0035649,64
00-0035651,45
00-0035652,5
00-0035654,50
00-0035655,3
00-0035657,22
00-0035659,17
00-0035660,47
00-0035662,0
00-0035663,30
00-0035667,97
00-0035668,76
00-0035669,21
00-0035670,59
00-0035671,0
00-0035672,50
00-0035674,94
00-0035676,1
00-0035677,24
00-0035678,5
00-0035679,66
00-0035680,5
00-0035681,34
00-0035683,97
00-0035684,30
00-0035685,32
00-0035686,67
00-0035687,58
00-0035688,79
00-0035689,88
00-0035692,98
00-0035693,24
00-0035694,75
00-0035695,30
00-0035696,33
00-0035697,53
00-0035699,35
00-0035700,8
00-0035702,66
00-0035703,80
00-0035704,2
00-0035705,34
00-0035707,45
00-0035708,93
00-0035709,58
00-0035710,17
00-0035713,0
00-0035714,0
00-0035715,38
00-0035717,97
00-0035718,92
00-0035719,19
00-0035726,43
00-0035742,0
00-0035743,78
00-0035752,15
00-0035754,90
00-0035757,50
00-0035758,3
00-0035761,45
00-0035763,97
00-0035764,76
00-0035771,87
00-0035783,35
00-0035787,46
00-0035789,0
00-0035795,23
00-0035802,65
00-0035808,36
00-0035816,57
00-0035819,81
00-0035821,15
00-0035822,0
00-0035823,82
00-0035827,46
00-0035829,62
00-0035833,16
00-0035835,31
00-0035838,0
00-0035841,95
00-0035848,12
00-0035853,61
00-0035857,61
00-0035859,12
00-0035860,37
00-0035862,27
00-0035864,9
00-0035869,0
00-0035876,82
00-0035879,0
00-0035880,38
00-0035881,72
00-0035883,80
00-0035889,3
00-0035890,98
00-0035895,35
00-0035898,34
00-0035900,48
00-0035903,97
00-0035906,52
00-0035908,40
00-0035912,32
00-0035923,56
00-0035924,35
00-0035925,34
00-0035928,93
00-0035933,55
00-0035934,86
00-0035935,17
00-0035939,16
00-0035942,52
00-0035946,66
00-0035950,38
00-0035957,0
00-0035965,40
00-0035970,46
00-0035973,32
00-0035976,88
00-0035979,46
00-0035992,67
00-0035993,5
00-0035995,25
00-0035998,39
00-0036000,0
00-0036002,34
00-0036007,92
00-0036008,86
00-0036010,34
00-0036011,37
00-0036013,10
00-0036014,46
00-0036020,36
00-0036028,53
00-0036029,44
00-0036030,54
00-0036032,49
00-0036033,45
00-0036036,78
00-0036037,28
00-0036040,83
00-0036050,79
00-0036056,44
00-0036058,75
00-0036059,85
00-0036065,0
00-0036068,48
00-0036069,27
00-0036076,47
00-0036078,25
00-0036081,96
00-0036082,49
00-0036084,36
00-0036085,9
00-0036086,74
00-0036087,27
00-0036090,45
00-0036096,38
00-0036100,89
00-0036105,51
00-0036106,29
00-0036110,84
00-0036118,38
00-0036123,73
00-0036124,30
00-0036127,39
00-0036130,92
00-0036131,66
00-0036132,68
00-0036133,13
00-0036137,93
00-0036139,13
00-0036142,83
00-0036145,89
00-0036148,69
00-0036149,40
00-0036151,47
00-0036152,38
00-0036157,54
00-0036158,27
00-0036159,9
00-0036160,58
00-0036162,16
00-0036163,76
00-0036166,23
00-0036168,17
00-0036171,55
00-0036173,89
00-0036176,12
00-0036181,93
00-0036182,12
00-0036187,44
00-0036189,32
00-0036191,97
00-0036192,57
00-0036193,54
00-0036195,77
00-0036197,11
00-0036198,71
00-0036199,25
00-0036203,47
00-0036204,94
00-0036205,0
00-0036208,0
00-0036209,0
00-0036212,1
00-0036213,98
00-0036215,63
00-0036216,59
00-0036217,48
00-0036219,85
00-0036220,95
00-0036221,22
00-0036222,2
00-0036223,28
00-0036224,52
00-0036227,93
00-0036229,59
00-0036231,29
00-0036232,88
00-0036233,19
00-0036234,74
00-0036236,53
00-0036237,52
00-0036239,52
00-0036240,35
00-0036241,34
00-0036243,36
00-0036244,84
00-0036245,0
00-0036246,76
00-0036247,87
00-0036248,73
00-0036249,53
00-0036250,84
00-0036251,31
00-0036252,11
00-0036253,23
00-0036254,80
00-0036255,15
00-0036256,68
00-0036258,73
00-0036259,14
00-0036260,99
00-0036261,11
00-0036262,52
00-0036264,10
00-0036265,28
00-0036266,95
00-0036270,47
00-0036271,46
00-0036272,78
00-0036273,62
00-0036274,8
00-0036275,4
00-0036276,54
00-0036278,33
00-0036281,26
00-0036282,9
00-0036283,27
00-0036285,24
00-0036286,45
00-0036288,94
00-0036290,85
00-0036292,1
00-0036293,11
00-0036294,55
00-0036295,72
00-0036296,69
00-0036298,51
00-0036300,53
00-0036302,21
00-0036305,52
00-0036306,24
00-0036307,28
00-0036309,17
00-0036310,75
00-0036311,93
00-0036313,10
00-0036314,41
00-0036315,38
00-0036316,6
00-0036319,19
00-0036320,19
00-0036321,99
00-0036322,18
00-0036323,6
00-0036324,20
00-0036325,50
00-0036326,83
00-0036327,76
00-0036328,4
00-0036329,24
00-0036330,11
00-0036331,81
00-0036333,56
00-0036335,98
00-0036337,97
00-0036338,43
00-0036339,69
00-0036340,0
00-0036342,60
00-0036344,37
00-0036345,8
00-0036346,39
00-0036347,64
00-0036348,44
00-0036349,3
00-0036350,79
00-0036351,50
00-0036354,68
00-0036355,10
00-0036356,27
00-0036357,11
00-0036358,88
00-0036359,41
00-0036361,16
00-0036362,40
00-0036363,74
00-0036364,84
00-0036366,90
00-0036367,53
00-0036368,53
00-0036369,74
00-0036370,25
00-0036372,41
00-0036374,38
00-0036375,2
00-0036376,63
00-0036377,80
00-0036378,51
00-0036380,17
00-0036382,84
00-0036383,26
00-0036386,78
00-0036387,88
00-0036388,29
00-0036389,1
00-0036390,22
00-0036391,53
00-0036392,79
00-0036394,30
00-0036395,25
00-0036396,68
00-0036398,82
00-0036399,50
00-0036400,47
00-0036402,52
00-0036403,99
00-0036404,35
00-0036405,0
00-0036406,78
00-0036407,3
00-0036408,51
00-0036409,20
00-0036410,5
00-0036411,31
00-0036412,19
00-0036416,8
00-0036417,68
00-0036418,53
00-0036421,38
00-0036422,82
00-0036423,86
00-0036424,88
00-0036426,98
00-0036428,40
00-0036429,89
00-0036430,50
00-0036431,29
00-0036433,15
00-0036434,49
00-0036435,30
00-0036438,84
00-0036440,59
00-0036442,9
00-0036443,50
00-0036447,61
00-0036450,21
00-0036457,43
00-0036458,7
00-0036459,1
00-0036462,38
00-0036463,19
00-0036465,94
00-0036469,16
00-0036474,35
00-0036479,95
00-0036480,55
00-0036481,30
00-0036483,76
00-0036497,13
00-0036500,44
00-0036501,35
00-0036502,25
00-0036503,45
00-0036504,26
00-0036505,91
00-0036506,24
00-0036507,78
00-0036510,88
00-0036511,45
00-0036515,8
00-0036523,32
00-0036526,16
00-0036530,31
00-0036539,16
00-0036550,7
00-0036551,65
00-0036554,12
00-0036555,30
00-0036556,9
00-0036557,77
00-0036558,94
00-0036560,72
00-0036563,2
00-0036564,9
00-0036568,51
00-0036569,32
00-0036570,25
00-0036572,80
00-0036573,37
00-0036576,96
00-0036586,54
00-0036587,24
00-0036589,26
00-0036590,80
00-0036596,65
00-0036598,84
00-0036603,77
00-0036604,67
00-0036613,17
00-0036615,31
00-0036616,71
00-0036617,22
00-0036618,76
00-0036619,77
00-0036620,82
00-0036621,32
00-0036622,71
00-0036623,52
00-0036624,54
00-0036625,21
00-0036626,6
00-0036627,82
00-0036628,87
00-0036629,0
00-0036630,16
00-0036634,43
00-0036637,83
00-0036638,29
00-0036641,15
00-0036642,98
00-0036643,35
00-0036644,57
00-0036645,34
00-0036646,80
00-0036648,31
00-0036653,73
00-0036655,70
00-0036658,58
00-0036659,54
00-0036660,65
00-0036661,33
00-0036665,29
00-0036666,58
00-0036668,51
00-0036669,32
00-0036672,44
00-0036677,23
00-0036678,35
00-0036679,6
00-0036682,90
00-0036683,26
00-0036688,43
00-0036689,73
00-0036691,44
00-0036692,82
00-0036698,36
00-0036700,61
00-0036703,16
00-0036705,92
00-0036711,49
00-0036714,0
00-0036716,57
00-0036724,35
00-0036725,48
00-0036727,46
00-0036728,42
00-0036729,4
00-0036734,36
00-0036736,74
00-0036748,39
00-0036754,89
00-0036768,37
00-0036774,0
00-0036780,68
00-0036783,62
00-0036788,96
00-0036792,31
00-0036795,74
00-0036799,34
00-0036802,59
00-0036810,88
00-0036813,53
00-0036816,47
00-0036824,48
00-0036825,81
00-0036829,42
00-0036833,64
00-0036839,71
00-0036841,81
00-0036842,3
00-0036844,49
00-0036847,6
00-0036849,8
00-0036850,96
00-0036851,99
00-0036854,2
00-0036855,51
00-0036857,25
00-0036862,15
00-0036865,76
00-0036866,59
00-0036867,58
00-0036868,92
00-0036869,75
00-0036870,47
00-0036871,22
00-0036872,24
00-0036874,2
00-0036875,38
00-0036876,86
00-0036878,98
00-0036879,4
00-0036880,58
00-0036881,78
00-0036882,41
00-0036883,72
00-0036884,24
00-0036885,30
00-0036887,89
00-0036888,3
00-0036892,67
00-0036893,23
00-0036894,88
00-0036895,52
00-0036896,52
00-0036897,30
00-0036898,10
00-0036899,33
00-0036900,1
00-0036901,5
00-0036902,46
00-0036903,97
00-0036905,79
00-0036907,83
00-0036908,37
00-0036909,92
00-0036912,6
00-0036913,87
00-0036914,15
00-0036915,6
00-0036916,97
00-0036918,46
00-0036919,1
00-0036920,92
00-0036921,56
00-0036922,93
00-0036924,35
00-0036925,30
00-0036926,92
00-0036927,20
00-0036929,2
00-0036930,67
00-0036932,1
00-0036933,25
00-0036934,5
00-0036936,4
00-0036937,21
00-0036940,98
00-0036941,8
00-0036942,92
00-0036943,48
00-0036944,8
00-0036945,6
00-0036947,62
00-0036949,48
00-0036951,88
00-0036952,0
00-0036953,78
00-0036955,82
00-0036956,30
00-0036957,52
00-0036959,83
00-0036962,7
00-0036963,14
00-0036964,55
00-0036967,93
00-0036968,70
00-0036970,8
00-0036971,16
00-0036972,10
00-0036973,3
00-0036974,7
00-0036975,72
00-0036976,79
00-0036979,75
00-0036980,19
00-0036981,90
00-0036982,57
00-0036983,53
00-0036985,73
00-0036986,26
00-0036987,21
00-0036988,5
00-0036989,51
00-0036990,0
00-0036991,3
00-0036992,2
00-0036993,5
00-0036994,13
00-0036995,5
00-0036996,20
00-0036997,33
00-0036998,8
00-0036999,84
00-0037001,77
00-0037002,69
00-0037003,44
00-0037004,89
00-0037005,82
00-0037007,91
00-0037009,70
00-0037010,74
00-0037012,5
00-0037013,4
00-0037015,87
00-0037031,86
00-0037034,23
00-0037039,82
00-0037041,64
00-0037043,38
00-0037052,20
00-0037057,11
00-0037061,47
00-0037073,90
00-0037074,7
00-0037075,95
00-0037076,75
00-0037077,16
00-0037078,87
00-0037079,2
00-0037080,57
00-0037081,70
00-0037082,94
00-0037083,52
00-0037085,28
00-0037086,81
00-0037087,25
00-0037089,65
00-0037090,49
00-0037092,75
00-0037093,81
00-0037094,96
00-0037095,34
00-0037096,22
00-0037106,33
00-0037109,57
00-0037112,88
00-0037129,39
00-0037130,6
00-0037132,85
00-0037137,29
00-0037141,32
00-0037149,49
00-0037155,29
00-0037156,85
00-0037157,20
00-0037181,91
00-0037190,1
00-0037191,22
00-0037192,56
00-0037193,6
00-0037195,35
00-0037196,63
00-0037197,10
00-0037198,13
00-0037202,97
00-0037203,93
00-0037205,41
00-0037207,66
00-0037208,43
00-0037216,8
00-0037222,38
00-0037224,11
00-0037225,69
00-0037228,30
00-0037229,79
00-0037231,81
00-0037235,44
00-0037236,97
00-0037237,24
00-0037238,5
00-0037239,12
00-0037240,1
00-0037241,75
00-0037243,73
00-0037244,55
00-0037245,38
00-0037246,5
00-0037247,3
00-0037248,4
00-0037249,15
00-0037250,22
00-0037251,91
00-0037252,85
00-0037253,25
00-0037254,8
00-0037255,64
00-0037256,1
00-0037257,18
00-0037258,39
00-0037259,41
00-0037260,98
00-0037261,10
00-0037262,99
00-0037263,22
00-0037264,32
00-0037265,24
00-0037266,73
00-0037268,27
00-0037270,91
00-0037271,48
00-0037273,18
00-0037274,93
00-0037275,26
00-0037276,32
00-0037277,47
00-0037278,60
00-0037280,91
00-0037281,11
00-0037283,95
00-0037284,14
00-0037286,36
00-0037287,76
00-0037288,47
00-0037289,44
00-0037291,9
00-0037292,85
00-0037293,40
00-0037294,94
00-0037295,68
00-0037297,64
00-0037298,99
00-0037299,30
00-0037301,26
00-0037302,74
00-0037303,91
00-0037304,34
00-0037307,26
00-0037310,41
00-0037311,41
00-0037312,59
00-0037313,1
00-0037314,51
00-0037315,53
00-0037317,87
00-0037318,54
00-0037319,30
00-0037320,33
00-0037321,26
00-0037323,24
00-0037324,19
00-0037327,11
00-0037329,38
00-0037332,34
00-0037336,67
00-0037341,64
00-0037353,26
00-0037356,96
00-0037364,53
00-0037375,91
00-0037377,17
00-0037380,81
00-0037384,29
00-0037385,62
00-0037392,43
00-0037395,37
00-0037401,49
00-0037404,72
00-0037406,50
00-0037413,77
00-0037414,77
00-0037415,42
00-0037420,18
00-0037422,19
00-0037428,70
00-0037431,57
00-0037447,45
00-0037451,87
00-0037456,34
00-0037457,35
00-0037459,93
00-0037461,27
00-0037464,38
00-0037468,43
00-0037480,60
00-0037487,83
00-0037488,34
00-0037491,51
00-0037493,33
00-0037500,17
00-0037503,58
00-0037509,35
00-0037512,20
00-0037515,51
00-0037517,59
00-0037524,17
00-0037525,27
00-0037526,41
00-0037527,50
00-0037539,85
00-0037542,39
00-0037544,46
00-0037545,22
00-0037547,19
00-0037549,22
00-0037557,20
00-0037561,14
00-0037563,20
00-0037569,88
00-0037570,89
00-0037578,2
00-0037581,83
00-0037585,94
00-0037587,53
00-0037593,28
00-0037594,36
00-0037596,50
00-0037602,91
00-0037606,11
00-0037607,4
00-0037608,35
00-0037611,5
00-0037614,13
00-0037615,17
00-0037616,25
00-0037617,26
00-0037627,91
00-0037633,33
00-0037639,57
00-0037645,16
00-0037654,42
00-0037661,20
00-0037662,52
00-0037663,11
00-0037664,14
00-0037665,54
00-0037666,1
00-0037667,31
00-0037686,46
00-0037692,17
00-0037708,13
00-0037711,98
00-0037740,5
00-0037741,4
00-0037742,13
00-0037743,23
00-0037744,85
00-0037745,33
00-0037746,15
00-0037747,37
00-0037749,56
00-0037751,41
00-0037752,6
00-0037753,29
00-0037754,78
00-0037755,86
00-0037756,98
00-0037757,79
00-0037758,18
00-0037759,98
00-0037760,93
00-0037799,92
00-0037801,9
00-0037804,90
00-0037805,89
00-0037807,73
00-0037808,50
00-0037809,85
00-0037810,44
00-0037812,72
00-0037814,77
00-0037815,99
00-0037816,87
00-0037817,50
00-0037818,77
00-0037819,54
00-0037821,67
00-0037823,45
00-0037825,65
00-0037827,35
00-0037828,82
00-0037829,70
00-0037830,22
00-0037832,93
00-0037833,46
00-0037834,13
00-0037835,67
00-0037837,82
00-0037838,9
00-0037839,2
00-0037840,23
00-0037841,37
00-0037842,15
00-0037843,92
00-0037844,22
00-0038038,14
00-0038039,25
00-0038041,87
00-0038042,5
00-0038043,25
00-0038046,88
00-0038090,23
00-0038091,39
00-0038093,97
00-0038094,15
00-0038096,93
00-0038098,22
00-0038099,72
00-0038100,35
00-0038101,29
00-0038102,12
00-0038103,69
00-0038104,2
00-0038105,37
00-0038106,96
00-0038107,72
00-0038108,4
00-0038111,6
00-0038112,51
00-0038114,61
00-0038115,82
00-0038116,17
00-0038117,4
00-0038118,68
00-0038119,18
00-0038120,20
00-0038121,24
00-0038123,6
00-0038124,9
00-0038125,21
00-0038126,99
00-0038127,96
00-0038128,2
00-0038129,88
00-0038130,25
00-0038131,69
00-0038133,53
00-0038134,9
00-0038135,3
00-0038136,2
00-0038142,90
00-0038149,80
00-0038152,35
00-0038348,31
00-0038359,19
00-0038360,47
00-0038366,34
00-0038381,36
00-0038383,72
00-0038386,98
00-0038387,50
00-0038389,25
00-0038390,46
00-0038391,4
00-0038392,32
00-0038393,13
00-0038394,86
00-0038395,36
00-0038397,26
00-0038398,94
00-0038399,46
00-0038400,16
00-0038401,35
00-0038402,18
00-0038408,24
00-0038409,31
00-0038411,23
00-0038412,97
00-0038414,32
00-0038416,17
00-0038423,56
00-0038428,25
00-0038454,34
00-0038456,81
00-0038463,57
00-0038468,44
00-0038471,75
00-0038476,16
00-0038477,88
00-0038479,54
00-0038487,23
00-0038488,38
00-0038492,89
00-0038493,53
00-0038496,47
00-0038498,84
00-0038504,32
00-0038505,95
00-0038506,97
00-0038507,88
00-0038513,45
00-0038514,56
00-0038519,81
00-0038521,35
00-0038535,53
00-0038536,62
00-0038540,70
00-0038541,98
00-0038542,7
00-0038543,11
00-0038544,1
00-0038546,99
00-0038547,86
00-0038548,64
00-0038549,0
00-0038550,16
00-0038551,5
00-0038552,21
00-0038553,0
00-0038554,27
00-0038555,8
00-0038556,0
00-0038557,42
00-0038558,80
00-0038559,14
00-0038560,27
00-0038563,1
00-0038564,36
00-0038565,29
00-0038567,38
00-0038568,20
00-0038569,62
00-0038570,51
00-0038571,71
00-0038572,93
00-0038573,12
00-0038574,57
00-0038577,51
00-0038578,24
00-0038579,12
00-0038580,22
00-0038583,17
00-0038584,94
00-0038585,43
00-0038587,34
00-0038588,31
00-0038589,81
00-0038590,88
00-0038591,94
00-0038593,55
00-0038594,25
00-0038596,6
00-0038597,30
00-0038598,15
00-0038599,39
00-0038600,40
00-0038601,72
00-0038603,51
00-0038605,34
00-0038606,11
00-0038607,71
00-0038608,14
00-0038609,56
00-0038610,17
00-0038611,24
00-0038612,87
00-0038614,44
00-0038615,58
00-0038616,21
00-0038617,56
00-0038618,19
00-0038619,80
00-0038620,41
00-0038621,3
00-0038623,55
00-0038624,23
00-0038625,53
00-0038627,18
00-0038628,23
00-0038632,14
00-0038635,59
00-0038636,25
00-0038639,27
00-0038640,86
00-0038642,38
00-0038645,74
00-0038646,28
00-0038648,41
00-0038649,54
00-0038653,94
00-0038656,35
00-0038657,40
00-0038660,53
00-0038661,90
00-0038663,24
00-0038666,54
00-0038678,24
00-0038679,14
00-0038682,50
00-0038684,27
00-0038685,30
00-0038694,95
00-0038703,30
00-0038705,31
00-0038710,86
00-0038711,44
00-0038715,33
00-0038717,34
00-0038719,35
00-0038720,80
00-0038724,95
00-0038728,17
00-0038731,66
00-0038735,85
00-0038737,58
00-0038738,30
00-0038740,85
00-0038742,59
00-0038752,19
00-0038764,52
00-0038765,39
00-0038769,41
00-0038775,66
00-0038778,61
00-0038782,54
00-0038783,45
00-0038791,48
00-0038792,67
00-0038796,63
00-0038797,23
00-0038801,51
00-0038807,0
00-0038809,89
00-0038811,36
00-0038812,38
00-0038817,86
00-0038818,72
00-0038820,5
00-0038824,84
00-0038835,59
00-0038840,87
00-0038841,38
00-0038845,35
00-0038848,30
00-0038850,96
00-0038852,67
00-0038866,30
00-0038896,25
00-0038905,4
00-0038906,39
00-0038908,59
00-0038911,80
00-0038920,86
00-0038922,32
00-0038932,58
00-0038933,86
00-0038934,77
00-0038935,85
00-0038936,70
00-0038938,13
00-0038940,93
00-0038951,44
00-0038953,80
00-0038958,58
00-0038976,19
00-0038977,1
00-0038978,94
00-0038980,96
00-0038982,27
00-0038983,53
00-0038984,13
00-0038985,91
00-0038986,31
00-0038994,3
00-0038995,90
00-0038996,85
00-0038997,2
00-0038998,18
00-0039000,2
00-0039001,56
00-0039002,29
00-0039003,41
00-0039006,91
00-0039007,21
00-0039009,92
00-0039013,3
00-0039014,79
00-0039018,46
00-0039019,61
00-0039020,75
00-0039021,23
00-0039030,60
00-0039031,95
00-0039032,2
00-0039034,77
00-0039040,28
00-0039041,84
00-0039047,58
00-0039048,65
00-0039049,8
00-0039050,87
00-0039051,32
00-0039052,10
00-0039054,15
00-0039058,73
00-0039059,42
00-0039061,94
00-0039062,18
00-0039063,94
00-0039064,4
00-0039065,87
00-0039066,87
00-0039067,4
00-0039068,0
00-0039070,95
00-0039071,29
00-0039072,23
00-0039074,87
00-0039075,12
00-0039076,6
00-0039077,71
00-0039108,51
00-0039109,77
00-0039110,95
00-0039111,45
00-0039112,90
00-0039133,24
00-0039137,0
00-0039138,91
00-0039139,0
00-0039140,7
00-0039141,32
00-0039142,9
00-0039143,51
00-0039144,88
00-0039145,66
00-0039146,11
00-0039147,0
00-0039148,56
00-0039149,20
00-0039150,9
00-0039151,1
00-0039156,8
00-0039157,69
00-0039163,7
00-0039164,5
00-0039165,26
00-0039167,24
00-0039169,21
00-0039172,39
00-0039174,79
00-0039176,99
00-0039178,58
00-0039207,74
00-0039229,39
00-0039230,25
00-0039232,2
00-0039233,70
00-0039234,27
00-0039236,89
00-0039244,33
00-0039266,36
00-0039267,32
00-0039284,55
00-0039285,25
00-0039288,47
00-0039289,93
00-0039291,95
00-0039299,36
00-0039309,91
00-0039312,35
00-0039313,47
00-0039316,47
00-0039323,8
00-0039324,30
00-0039325,34
00-0039337,1
00-0039338,89
00-0039339,75
00-0039340,97
00-0039341,60
00-0039342,17
00-0039343,3
00-0039344,25
00-0039345,0
00-0039346,25
00-0039347,49
00-0039348,56
00-0039349,71
00-0039350,70
00-0039351,77
00-0039352,35
00-0039353,4
00-0039355,11
00-0039356,0
00-0039358,66
00-0039359,8
00-0039360,6
00-0039361,7
00-0039363,31
00-0039364,33
00-0039365,4
00-0039366,4
00-0039368,58
00-0039369,20
00-0039370,40
00-0039371,31
00-0039372,2
00-0039373,30
00-0039374,44
00-0039375,28
00-0039376,2
00-0039377,57
00-0039378,37
00-0039379,80
00-0039380,26
00-0039384,29
00-0039387,21
00-0039388,53
00-0039389,91
00-0039390,24
00-0039391,28
00-0039393,30
00-0039394,80
00-0039395,56
00-0039396,94
00-0039401,97
00-0039404,16
00-0039405,25
00-0039406,40
00-0039407,23
00-0039408,73
00-0039409,39
00-0039410,19
00-0039412,41
00-0039414,33
00-0039416,39
00-0039417,26
00-0039419,65
00-0039421,50
00-0039422,78
00-0039423,96
00-0039424,14
00-0039426,65
00-0039427,50
00-0039430,52
00-0039431,91
00-0039435,48
00-0039436,92
00-0039445,49
00-0039448,24
00-0039450,45
00-0039451,18
00-0039453,40
00-0039457,53
00-0039459,79
00-0039460,48
00-0039465,27
00-0039471,20
00-0039477,5
00-0039480,34
00-0039481,29
00-0039483,37
00-0039485,60
00-0039491,18
00-0039498,92
00-0039510,99
00-0039513,41
00-0039515,59
00-0039521,89
00-0039530,89
00-0039532,25
00-0039543,82
00-0039544,67
00-0039565,56
00-0039568,73
00-0039576,3
00-0039578,68
00-0039586,29
00-0039587,48
00-0039589,19
00-0039595,30
00-0039596,38
00-0039601,36
00-0039603,44
00-0039610,38
00-0039611,43
00-0039613,85
00-0039614,80
00-0039620,36
00-0039622,44
00-0039623,15
00-0039624,60
00-0039632,37
00-0039634,14
00-0039640,53
00-0039648,88
00-0039660,12
00-0039676,29
00-0039681,18
00-0039686,80
00-0039692,24
00-0039696,55
00-0039703,25
00-0039710,82
00-0039714,6
00-0039715,59
00-0039718,98
00-0039720,94
00-0039731,55
00-0039732,10
00-0039733,99
00-0039734,55
00-0039735,58
00-0039736,71
00-0039737,87
00-0039738,24
00-0039739,14
00-0039740,58
00-0039741,41
00-0039744,60
00-0039745,19
00-0039746,28
00-0039749,90
00-0039751,88
00-0039752,52
00-0039753,50
00-0039754,82
00-0039755,72
00-0039757,26
00-0039763,44
00-0039764,62
00-0039770,22
00-0039772,30
00-0039774,48
00-0039775,58
00-0039776,2
00-0039780,21
00-0039784,67
00-0039789,37
00-0039790,74
00-0039791,50
00-0039792,81
00-0039793,88
00-0039794,0
00-0039795,28
00-0039796,26
00-0039798,32
00-0039800,30
00-0039807,16
00-0039808,74
00-0039809,52
00-0039810,81
00-0039811,32
00-0039812,59
00-0039813,33
00-0039814,83
00-0039815,48
00-0039816,6
00-0039818,27
00-0039819,79
00-0039821,22
00-0039824,12
00-0039825,21
00-0039826,54
00-0039828,72
00-0039829,54
00-0039830,63
00-0039831,36
00-0039833,61
00-0039834,5
00-0039835,92
00-0039836,54
00-0039838,2
00-0039839,64
00-0039840,94
00-0039841,33
00-0039842,72
00-0039844,76
00-0039846,23
00-0039847,84
00-0039849,18
00-0039850,56
00-0039851,10
00-0039852,8
00-0039854,56
00-0039855,11
00-0039857,57
00-0039858,33
00-0039859,54
00-0039860,1
00-0039861,27
00-0039862,2
00-0039863,77
00-0039864,42
00-0039867,7
00-0039868,11
00-0039871,76
00-0039872,24
00-0039873,90
00-0039874,5
00-0039875,7
00-0039876,63
00-0039877,59
00-0039878,54
00-0039879,56
00-0039880,6
00-0039882,68
00-0039884,84
00-0039886,99
00-0039888,27
00-0039889,92
00-0039890,15
00-0039893,7
00-0039894,1
00-0039895,51
00-0039896,54
00-0039897,76
00-0039898,0
00-0039899,52
00-0039900,94
00-0039901,0
00-0039904,77
00-0039905,62
00-0039906,95
00-0039907,89
00-0039908,90
00-0039910,5
00-0039911,44
00-0039912,82
00-0039913,74
00-0039915,15
00-0039916,1
00-0039917,9
00-0039918,18
00-0039919,15
00-0039920,11
00-0039921,33
00-0039924,15
00-0039925,71
00-0039926,61
00-0039934,99
00-0040004,59
00-0040007,52
00-0040008,28
00-0040009,83
00-0040010,99
00-0040011,50
00-0040012,45
00-0040013,42
00-0040016,91
00-0040020,21
00-0040024,80
00-0040027,49
00-0040033,37
00-0040039,35
00-0040041,93
00-0040045,11
00-0040058,89
00-0040061,57
00-0040066,42
00-0040067,31
00-0040068,51
00-0040069,40
00-0040071,22
00-0040072,31
00-0040074,33
00-0040075,10
00-0040076,90
00-0040078,24
00-0040100,49
00-0040104,39
00-0040106,36
00-0040108,55
00-0040116,71
00-0040118,44
00-0040122,2
00-0040123,70
00-0040124,4
00-0040125,71
00-0040126,84
00-0040127,78
00-0040128,84
00-0040129,2
00-0040130,81
00-0040131,18
00-0040133,1
00-0040134,13
00-0040135,45
00-0040136,3
00-0040137,52
00-0040138,13
00-0040140,63
00-0040141,23
00-0040142,26
00-0040143,25
00-0040144,99
00-0040147,55
00-0040148,31
00-0040149,22
00-0040150,76
00-0040152,20
00-0040153,95
00-0040154,13
00-0040155,28
00-0040156,33
00-0040157,49
00-0040159,22
00-0040160,33
00-0040161,54
00-0040162,22
00-0040163,75
00-0040164,83
00-0040165,27
00-0040166,29
00-0040167,47
00-0040168,51
00-0040169,97
00-0040170,5
00-0040171,92
00-0040172,17
00-0040173,90
00-0040174,99
00-0040175,94
00-0040177,29
00-0040178,4
00-0040179,21
00-0040180,74
00-0040181,71
00-0040182,11
00-0040183,95
00-0040184,84
00-0040185,36
00-0040186,51
00-0040187,84
00-0040188,94
00-0040189,86
00-0040192,37
00-0040193,71
00-0040194,85
00-0040195,29
00-0040196,94
00-0040197,43
00-0040198,0
00-0040199,92
00-0040200,8
00-0040201,26
00-0040202,23
00-0040204,23
00-0040205,31
00-0040206,15
00-0040208,25
00-0040212,71
00-0040213,25
00-0040214,45
00-0040216,56
00-0040221,27
00-0040223,16
00-0040225,86
00-0040228,55
00-0040230,36
00-0040231,44
00-0040234,10
00-0040236,25
00-0040237,15
00-0040238,5
00-0040241,19
00-0040242,22
00-0040243,38
00-0040244,80
00-0040245,75
00-0040246,47
00-0040248,93
00-0040249,40
00-0040252,19
00-0040255,98
00-0040258,37
00-0040261,42
00-0040263,31
00-0040277,9
00-0040279,10
00-0040289,54
00-0040296,31
00-0040314,50
00-0040317,10
00-0040318,51
00-0040326,50
00-0040328,40
00-0040329,95
00-0040339,42
00-0040342,92
00-0040352,3
00-0040357,41
00-0040362,49
00-0040363,83
00-0040369,95
00-0040371,95
00-0040372,21
00-0040379,46
00-0040382,78
00-0040384,92
00-0040388,84
00-0040396,35
00-0040397,33
00-0040398,15
00-0040404,98
00-0040406,39
00-0040409,40
00-0040411,28
00-0040416,57
00-0040417,70
00-0040429,18
00-0040431,83
00-0040432,88
00-0040449,47
00-0040460,58
00-0040466,23
00-0040476,37
00-0040488,84
00-0040489,22
00-0040492,92
00-0040494,12
00-0040496,40
00-0040500,60
00-0040503,54
00-0040506,4
00-0040509,85
00-0040522,87
00-0040527,49
00-0040534,12
00-0040546,37
00-0040556,9
00-0040563,86
00-0040574,91
00-0040577,11
00-0040578,27
00-0040579,49
00-0040580,10
00-0040581,10
00-0040582,82
00-0040583,4
00-0040584,84
00-0040585,57
00-0040590,4
00-0040613,56
00-0040624,99
00-0040625,53
00-0040628,49
00-0040634,55
00-0040636,38
00-0040639,76
00-0040640,97
00-0040641,26
00-0040642,91
00-0040643,7
00-0040644,23
00-0040645,0
00-0040646,11
00-0040647,98
00-0040648,15
00-0040649,40
00-0040654,38
00-0040660,98
00-0040661,74
00-0040662,95
00-0040663,44
00-0040666,8
00-0040667,0
00-0040668,2
00-0040669,18
00-0040670,20
00-0040672,91
00-0040673,6
00-0040676,1
00-0040677,3
00-0040678,99
00-0040685,94
00-0040686,72
00-0040688,24
00-0040691,6
00-0040694,91
00-0040699,66
00-0040704,6
00-0040705,17
00-0040706,97
00-0040708,11
00-0040709,1
00-0040710,96
00-0040711,99
00-0040715,44
00-0040716,4
00-0040718,12
00-0040719,33
00-0040720,23
00-0040721,95
00-0040722,15
00-0040723,54
00-0040724,98
00-0040725,6
00-0040726,71
00-0040727,9
00-0040728,69
00-0040729,18
00-0040730,12
00-0040731,23
00-0040733,3
00-0040734,32
00-0040735,10
00-0040736,85
00-0040737,18
00-0040738,44
00-0040739,18
00-0040740,75
00-0040741,95
00-0040742,71
00-0040743,6
00-0040744,91
00-0040745,79
00-0040746,11
00-0040747,21
00-0040748,55
00-0040749,24
00-0040751,2
00-0040752,7
00-0040756,94
00-0040782,0
00-0040784,10
